OrderID,OrderDate,ShipDate,ShipMode,CustomerID,ProductID,Sales,Quantity,Discount,Profit
ORD-67635,2023-10-18,2023-10-22,Standard Class,CUST-0210,PROD-0197,1590.98,2,0.01,289.37
ORD-35866,2024-10-19,2024-10-21,Same Day,CUST-0188,PROD-0147,169.12,6,0.02,21.09
ORD-70740,2024-01-01,2024-01-09,First Class,CUST-0156,PROD-0182,179.97,4,0.17,44.69
ORD-65374,2023-12-26,2023-12-29,First Class,CUST-0058,PROD-0105,1846.26,7,0.25,251.0
ORD-44507,2024-07-15,2024-07-22,Second Class,CUST-0075,PROD-0020,1949.0,4,0.25,502.71
ORD-79417,2024-06-10,2024-06-19,Standard Class,CUST-0055,PROD-0047,1555.62,10,0.2,220.43
ORD-96983,2025-01-19,2025-01-24,Second Class,CUST-0057,PROD-0135,528.63,5,0.24,45.72
ORD-88156,2025-06-20,2025-06-29,Same Day,CUST-0155,PROD-0112,387.83,8,0.23,60.14
ORD-88602,2025-08-11,2025-08-13,Same Day,CUST-0126,PROD-0052,213.96,7,0.17,40.01
ORD-60536,2025-05-02,2025-05-12,Standard Class,CUST-0221,PROD-0162,462.64,9,0.13,123.85
ORD-80477,2024-10-19,2024-10-21,First Class,CUST-0080,PROD-0118,355.2,6,0.12,19.7
ORD-46240,2024-04-25,2024-04-28,Second Class,CUST-0061,PROD-0135,1623.06,7,0.23,142.12
ORD-72066,2024-07-29,2024-08-01,First Class,CUST-0029,PROD-0158,646.13,7,0.08,157.72
ORD-17054,2024-05-02,2024-05-09,Second Class,CUST-0047,PROD-0028,257.64,4,0.09,71.21
ORD-67156,2024-08-20,2024-08-25,Standard Class,CUST-0061,PROD-0094,1237.59,5,0.23,323.77
ORD-69663,2025-02-16,2025-02-23,Second Class,CUST-0269,PROD-0163,1155.03,5,0.07,228.15
ORD-71428,2024-07-26,2024-07-27,Standard Class,CUST-0045,PROD-0089,893.3,9,0.13,255.62
ORD-96937,2024-12-01,2024-12-08,First Class,CUST-0164,PROD-0185,360.57,1,0.1,27.37
ORD-63947,2024-03-17,2024-03-19,Same Day,CUST-0291,PROD-0037,304.66,2,0.09,18.54
ORD-41231,2024-03-04,2024-03-12,First Class,CUST-0292,PROD-0031,517.86,6,0.2,40.28
ORD-98798,2024-11-02,2024-11-09,Same Day,CUST-0015,PROD-0032,404.57,10,0.15,71.72
ORD-93852,2023-09-12,2023-09-15,Standard Class,CUST-0095,PROD-0001,1193.77,4,0.13,351.74
ORD-45044,2024-09-24,2024-09-27,Standard Class,CUST-0087,PROD-0078,1312.06,8,0.04,286.57
ORD-66169,2024-01-01,2024-01-10,Same Day,CUST-0148,PROD-0138,1704.52,10,0.26,191.66
ORD-41232,2025-08-10,2025-08-16,First Class,CUST-0106,PROD-0124,1018.66,4,0.2,278.1
ORD-40451,2024-02-27,2024-03-02,Standard Class,CUST-0004,PROD-0077,1288.41,5,0.29,185.0
ORD-25866,2023-11-04,2023-11-07,Standard Class,CUST-0188,PROD-0141,1520.17,1,0.07,239.99
ORD-54964,2024-11-07,2024-11-11,Second Class,CUST-0018,PROD-0197,703.49,5,0.03,76.57
ORD-72662,2023-09-26,2023-10-06,First Class,CUST-0018,PROD-0176,410.2,8,0.25,86.93
ORD-50127,2024-04-16,2024-04-23,Standard Class,CUST-0234,PROD-0046,317.13,1,0.24,49.26
ORD-92319,2024-11-21,2024-11-26,Same Day,CUST-0289,PROD-0064,833.39,10,0.04,229.38
ORD-13072,2024-07-22,2024-07-23,Second Class,CUST-0043,PROD-0006,328.72,10,0.06,32.29
ORD-19915,2023-10-10,2023-10-20,Same Day,CUST-0014,PROD-0150,892.64,8,0.27,250.35
ORD-13437,2024-12-02,2024-12-05,Standard Class,CUST-0213,PROD-0168,980.23,1,0.17,268.69
ORD-86039,2023-10-29,2023-11-01,Standard Class,CUST-0005,PROD-0116,487.71,2,0.07,57.39
ORD-61361,2024-06-26,2024-07-05,First Class,CUST-0141,PROD-0093,292.62,6,0.12,63.68
ORD-55327,2025-07-08,2025-07-18,Second Class,CUST-0243,PROD-0145,858.85,7,0.07,90.35
ORD-63634,2024-10-25,2024-11-04,Standard Class,CUST-0121,PROD-0082,1695.41,5,0.18,95.2
ORD-82410,2024-10-16,2024-10-22,Second Class,CUST-0054,PROD-0153,1888.04,8,0.17,134.29
ORD-42547,2024-09-03,2024-09-09,Standard Class,CUST-0191,PROD-0091,1155.64,8,0.11,251.49
ORD-43431,2024-07-24,2024-07-26,Second Class,CUST-0091,PROD-0003,299.7,1,0.11,89.7
ORD-95347,2025-01-04,2025-01-08,Same Day,CUST-0085,PROD-0107,1250.21,2,0.3,171.54
ORD-51391,2024-08-07,2024-08-12,First Class,CUST-0282,PROD-0005,516.74,1,0.02,131.71
ORD-27545,2024-11-19,2024-11-27,Standard Class,CUST-0295,PROD-0097,1940.52,1,0.04,258.08
ORD-55529,2023-12-17,2023-12-26,Standard Class,CUST-0287,PROD-0183,1190.48,2,0.26,325.13
ORD-79361,2024-11-07,2024-11-11,Standard Class,CUST-0055,PROD-0200,979.55,4,0.1,140.24
ORD-95806,2025-03-04,2025-03-05,Standard Class,CUST-0072,PROD-0060,1919.1,8,0.18,455.45
ORD-41299,2024-05-14,2024-05-24,First Class,CUST-0300,PROD-0158,717.43,2,0.25,79.19
ORD-26720,2025-01-06,2025-01-11,Standard Class,CUST-0060,PROD-0141,50.23,6,0.19,7.27
ORD-75935,2023-10-01,2023-10-02,Second Class,CUST-0133,PROD-0035,904.6,6,0.05,252.13
ORD-55892,2025-04-05,2025-04-10,Standard Class,CUST-0052,PROD-0025,813.19,8,0.18,45.47
ORD-18978,2024-11-05,2024-11-08,Same Day,CUST-0223,PROD-0039,1747.83,4,0.06,296.06
ORD-76157,2023-10-26,2023-10-31,Second Class,CUST-0204,PROD-0066,1380.67,5,0.29,102.97
ORD-54373,2023-09-16,2023-09-25,First Class,CUST-0287,PROD-0142,835.17,6,0.05,152.96
ORD-30779,2025-01-29,2025-02-01,Second Class,CUST-0046,PROD-0142,1782.39,3,0.21,232.17
ORD-52654,2024-09-04,2024-09-11,Same Day,CUST-0154,PROD-0185,349.81,2,0.02,42.37
ORD-13340,2023-11-16,2023-11-17,Standard Class,CUST-0049,PROD-0187,1390.84,7,0.25,379.89
ORD-59904,2024-01-04,2024-01-08,Second Class,CUST-0018,PROD-0170,320.27,7,0.02,18.14
ORD-90970,2024-02-07,2024-02-09,Same Day,CUST-0044,PROD-0062,1307.38,3,0.05,381.28
ORD-95750,2024-07-09,2024-07-10,First Class,CUST-0118,PROD-0056,1601.64,10,0.06,330.95
ORD-88016,2023-08-28,2023-09-05,Second Class,CUST-0038,PROD-0112,15.91,1,0.22,2.86
ORD-63329,2025-02-08,2025-02-15,Standard Class,CUST-0260,PROD-0093,1932.54,9,0.06,211.29
ORD-72668,2024-03-02,2024-03-07,Same Day,CUST-0072,PROD-0168,1620.66,6,0.02,136.67
ORD-22360,2024-03-03,2024-03-05,Second Class,CUST-0112,PROD-0079,1502.83,4,0.19,306.73
ORD-71024,2023-10-18,2023-10-27,Second Class,CUST-0261,PROD-0134,1674.19,9,0.19,265.68
ORD-76057,2023-10-22,2023-10-29,Second Class,CUST-0274,PROD-0113,46.85,10,0.17,3.93
ORD-15357,2025-02-15,2025-02-20,First Class,CUST-0179,PROD-0198,430.14,7,0.04,110.25
ORD-57897,2024-10-28,2024-10-31,Standard Class,CUST-0199,PROD-0120,1627.43,1,0.13,110.28
ORD-34753,2024-09-17,2024-09-24,First Class,CUST-0157,PROD-0091,1269.9,5,0.29,107.97
ORD-74997,2024-06-29,2024-07-07,Standard Class,CUST-0144,PROD-0181,1756.57,4,0.28,380.04
ORD-18871,2024-06-06,2024-06-09,First Class,CUST-0009,PROD-0017,888.92,3,0.02,165.39
ORD-44849,2023-09-10,2023-09-19,Second Class,CUST-0274,PROD-0104,740.24,1,0.07,164.77
ORD-65508,2024-06-16,2024-06-23,Second Class,CUST-0190,PROD-0125,336.39,7,0.12,69.88
ORD-55588,2025-04-22,2025-04-26,First Class,CUST-0126,PROD-0156,1661.72,6,0.14,382.02
ORD-94600,2024-09-02,2024-09-04,First Class,CUST-0285,PROD-0079,920.35,10,0.14,211.13
ORD-51861,2024-08-15,2024-08-20,First Class,CUST-0257,PROD-0047,1988.24,10,0.24,319.36
ORD-16004,2024-11-27,2024-12-02,Second Class,CUST-0273,PROD-0152,1018.91,2,0.18,215.93
ORD-65161,2024-10-09,2024-10-19,First Class,CUST-0217,PROD-0010,830.81,2,0.12,143.61
ORD-10574,2025-04-30,2025-05-10,First Class,CUST-0174,PROD-0016,1452.55,3,0.11,226.97
ORD-69618,2024-01-03,2024-01-13,Second Class,CUST-0083,PROD-0101,1983.28,6,0.27,320.07
ORD-51393,2023-12-02,2023-12-05,First Class,CUST-0155,PROD-0005,1260.67,3,0.2,100.57
ORD-74035,2025-05-21,2025-05-31,Second Class,CUST-0139,PROD-0025,1701.31,7,0.03,484.13
ORD-80652,2025-08-02,2025-08-05,Second Class,CUST-0188,PROD-0080,1913.13,3,0.02,406.71
ORD-40674,2025-05-22,2025-05-30,Same Day,CUST-0290,PROD-0151,991.42,4,0.04,233.46
ORD-51196,2024-04-21,2024-04-24,Second Class,CUST-0182,PROD-0066,477.09,1,0.04,82.72
ORD-18068,2024-02-20,2024-02-21,First Class,CUST-0289,PROD-0173,1761.33,1,0.07,172.77
ORD-79057,2024-03-27,2024-03-31,First Class,CUST-0080,PROD-0041,1607.04,1,0.1,156.08
ORD-84424,2024-12-12,2024-12-21,Second Class,CUST-0225,PROD-0055,1054.11,8,0.09,290.81
ORD-29703,2024-03-31,2024-04-07,Second Class,CUST-0042,PROD-0102,672.73,6,0.25,128.52
ORD-57172,2024-06-24,2024-07-04,Second Class,CUST-0002,PROD-0002,1138.66,6,0.29,266.52
ORD-15531,2025-02-21,2025-03-01,First Class,CUST-0047,PROD-0150,1286.83,3,0.17,303.81
ORD-38012,2024-11-02,2024-11-06,Standard Class,CUST-0029,PROD-0098,338.16,7,0.27,59.59
ORD-41691,2025-06-12,2025-06-19,First Class,CUST-0111,PROD-0109,683.05,6,0.04,201.82
ORD-81746,2025-05-07,2025-05-09,Second Class,CUST-0216,PROD-0105,685.17,5,0.2,76.73
ORD-99468,2024-05-23,2024-05-24,Standard Class,CUST-0085,PROD-0150,1859.48,6,0.04,420.1
ORD-67491,2025-07-02,2025-07-09,Standard Class,CUST-0034,PROD-0100,163.05,8,0.18,12.75
ORD-36083,2024-05-07,2024-05-10,First Class,CUST-0277,PROD-0007,591.08,7,0.02,70.17
ORD-23558,2024-04-18,2024-04-21,First Class,CUST-0183,PROD-0163,1051.53,3,0.26,113.11
ORD-83497,2025-06-23,2025-06-30,First Class,CUST-0016,PROD-0166,568.1,10,0.16,108.6
ORD-56004,2024-08-04,2024-08-14,Same Day,CUST-0084,PROD-0060,845.13,4,0.06,136.92
ORD-71805,2024-11-19,2024-11-24,First Class,CUST-0227,PROD-0124,478.83,4,0.22,114.01
ORD-48431,2024-10-25,2024-11-02,Second Class,CUST-0181,PROD-0028,1363.42,8,0.05,116.15
ORD-12638,2024-09-17,2024-09-27,Second Class,CUST-0244,PROD-0200,1942.05,8,0.02,402.62
ORD-71785,2025-07-09,2025-07-17,Second Class,CUST-0117,PROD-0038,942.99,8,0.16,240.84
ORD-50364,2024-12-16,2024-12-18,Second Class,CUST-0045,PROD-0175,1212.11,7,0.05,111.25
ORD-18580,2024-03-14,2024-03-18,Standard Class,CUST-0126,PROD-0006,16.88,10,0.18,2.72
ORD-23338,2023-09-11,2023-09-13,First Class,CUST-0177,PROD-0095,508.57,4,0.09,101.79
ORD-48467,2024-11-09,2024-11-10,Standard Class,CUST-0254,PROD-0096,1497.17,4,0.28,442.4
ORD-75893,2024-07-29,2024-08-03,Second Class,CUST-0172,PROD-0133,1596.52,1,0.17,438.92
ORD-82898,2024-10-21,2024-10-26,Same Day,CUST-0076,PROD-0144,1909.32,9,0.26,485.1
ORD-48752,2023-11-05,2023-11-11,Second Class,CUST-0033,PROD-0149,1924.04,7,0.23,393.97
ORD-32081,2024-05-04,2024-05-14,First Class,CUST-0273,PROD-0023,268.32,9,0.05,66.84
ORD-78594,2025-07-22,2025-07-23,Second Class,CUST-0206,PROD-0003,1419.36,1,0.03,254.93
ORD-85780,2024-11-22,2024-12-01,Standard Class,CUST-0006,PROD-0121,758.38,1,0.13,64.26
ORD-61176,2025-07-05,2025-07-10,Standard Class,CUST-0081,PROD-0049,1247.69,9,0.18,131.6
ORD-82848,2024-01-15,2024-01-16,Same Day,CUST-0165,PROD-0175,1376.17,7,0.28,296.26
ORD-94665,2025-06-12,2025-06-13,Same Day,CUST-0040,PROD-0041,1610.01,5,0.14,300.37
ORD-11798,2023-12-23,2023-12-31,Standard Class,CUST-0126,PROD-0052,522.2,4,0.27,40.75
ORD-72405,2024-03-05,2024-03-10,Standard Class,CUST-0139,PROD-0197,502.92,4,0.07,125.39
ORD-33657,2024-03-01,2024-03-04,First Class,CUST-0259,PROD-0113,12.63,5,0.3,2.94
ORD-28360,2024-06-30,2024-07-01,First Class,CUST-0007,PROD-0054,1124.53,10,0.26,178.35
ORD-24280,2025-05-14,2025-05-23,Standard Class,CUST-0224,PROD-0172,161.45,7,0.16,46.82
ORD-61065,2023-11-25,2023-11-28,Second Class,CUST-0018,PROD-0016,1537.32,9,0.11,340.4
ORD-54231,2024-05-19,2024-05-20,Same Day,CUST-0234,PROD-0123,1117.51,1,0.24,96.7
ORD-60530,2025-04-10,2025-04-15,Standard Class,CUST-0069,PROD-0183,1990.61,4,0.21,450.39
ORD-21365,2025-04-11,2025-04-19,Second Class,CUST-0015,PROD-0100,996.32,5,0.06,246.09
ORD-78213,2024-08-28,2024-09-03,First Class,CUST-0144,PROD-0151,893.56,4,0.24,180.83
ORD-91613,2025-01-29,2025-02-07,First Class,CUST-0204,PROD-0112,835.83,2,0.08,192.39
ORD-98802,2023-12-11,2023-12-14,Second Class,CUST-0049,PROD-0062,1425.75,8,0.0,286.45
ORD-78880,2025-04-20,2025-04-27,Same Day,CUST-0158,PROD-0020,1767.57,7,0.01,481.73
ORD-62990,2025-04-05,2025-04-15,Same Day,CUST-0150,PROD-0186,1072.2,6,0.07,280.21
ORD-32626,2025-02-19,2025-02-27,First Class,CUST-0073,PROD-0090,204.49,2,0.08,48.61
ORD-91376,2024-06-07,2024-06-10,Second Class,CUST-0056,PROD-0019,211.12,7,0.12,41.59
ORD-84522,2024-12-09,2024-12-13,Standard Class,CUST-0225,PROD-0067,66.72,7,0.07,10.48
ORD-76187,2024-05-26,2024-06-05,Standard Class,CUST-0122,PROD-0108,542.13,3,0.16,32.14
ORD-99333,2025-04-26,2025-05-04,Same Day,CUST-0175,PROD-0002,265.03,7,0.23,54.96
ORD-76154,2023-12-26,2023-12-29,Standard Class,CUST-0157,PROD-0023,1596.64,5,0.1,288.77
ORD-76469,2024-09-24,2024-09-25,Second Class,CUST-0029,PROD-0024,1488.57,1,0.02,236.75
ORD-84774,2024-09-29,2024-10-06,First Class,CUST-0249,PROD-0093,582.89,9,0.22,55.28
ORD-12349,2024-11-12,2024-11-16,Second Class,CUST-0016,PROD-0179,1278.26,6,0.18,150.68
ORD-13185,2024-11-14,2024-11-24,Second Class,CUST-0132,PROD-0019,1869.39,9,0.18,294.99
ORD-80293,2024-09-19,2024-09-23,Second Class,CUST-0246,PROD-0169,209.4,8,0.26,59.73
ORD-66892,2024-01-18,2024-01-28,First Class,CUST-0162,PROD-0193,1438.01,8,0.24,126.48
ORD-41474,2025-04-05,2025-04-10,Second Class,CUST-0039,PROD-0020,874.02,3,0.07,246.97
ORD-28540,2023-09-20,2023-09-27,Same Day,CUST-0121,PROD-0183,1142.07,6,0.11,93.34
ORD-80529,2024-06-29,2024-06-30,Second Class,CUST-0290,PROD-0039,1271.15,8,0.17,370.51
ORD-71215,2023-10-30,2023-11-01,Standard Class,CUST-0194,PROD-0010,1678.48,5,0.2,165.48
ORD-31319,2023-09-16,2023-09-22,Standard Class,CUST-0083,PROD-0072,624.36,7,0.16,36.12
ORD-44818,2024-06-05,2024-06-11,First Class,CUST-0127,PROD-0199,1155.19,9,0.21,120.96
ORD-59769,2024-06-08,2024-06-18,Standard Class,CUST-0007,PROD-0087,378.65,4,0.07,113.41
ORD-19150,2025-06-23,2025-06-26,First Class,CUST-0169,PROD-0171,1692.65,8,0.0,254.69
ORD-74714,2024-11-27,2024-12-04,Same Day,CUST-0197,PROD-0140,1439.48,2,0.1,292.22
ORD-93944,2025-03-01,2025-03-04,Standard Class,CUST-0076,PROD-0043,1369.51,4,0.21,271.26
ORD-61153,2025-06-16,2025-06-24,Second Class,CUST-0265,PROD-0099,66.19,9,0.15,18.5
ORD-58809,2024-03-29,2024-04-01,Second Class,CUST-0110,PROD-0040,1043.11,5,0.29,179.16
ORD-68044,2025-03-30,2025-04-07,Second Class,CUST-0294,PROD-0004,1930.33,6,0.06,242.14
ORD-16784,2024-11-09,2024-11-13,Standard Class,CUST-0266,PROD-0085,1947.97,9,0.13,437.36
ORD-38038,2024-10-15,2024-10-19,First Class,CUST-0182,PROD-0180,1563.57,6,0.01,310.31
ORD-64844,2024-08-13,2024-08-23,Second Class,CUST-0091,PROD-0184,1368.54,8,0.08,132.85
ORD-20184,2025-05-07,2025-05-12,First Class,CUST-0050,PROD-0140,1426.53,2,0.08,366.84
ORD-42679,2024-02-24,2024-02-25,Same Day,CUST-0102,PROD-0018,569.48,7,0.2,59.4
ORD-68429,2024-12-30,2025-01-07,First Class,CUST-0110,PROD-0099,357.3,4,0.07,105.39
ORD-90252,2025-01-14,2025-01-17,Standard Class,CUST-0193,PROD-0090,920.93,3,0.28,146.92
ORD-76486,2023-12-13,2023-12-17,Standard Class,CUST-0144,PROD-0197,1074.1,10,0.13,91.09
ORD-46527,2025-01-10,2025-01-20,Second Class,CUST-0163,PROD-0155,1078.98,4,0.11,244.11
ORD-15030,2024-10-01,2024-10-07,First Class,CUST-0020,PROD-0073,1956.81,7,0.21,560.8
ORD-23544,2025-02-17,2025-02-23,First Class,CUST-0028,PROD-0090,886.11,3,0.17,62.23
ORD-75149,2025-04-12,2025-04-17,Same Day,CUST-0164,PROD-0121,498.53,5,0.04,53.28
ORD-53385,2023-09-06,2023-09-16,Standard Class,CUST-0071,PROD-0156,1822.52,9,0.04,375.53
ORD-52871,2024-04-08,2024-04-11,Second Class,CUST-0154,PROD-0093,1044.66,6,0.07,59.14
ORD-38255,2024-05-15,2024-05-17,Standard Class,CUST-0171,PROD-0191,870.35,7,0.03,56.06
ORD-19226,2025-03-29,2025-03-30,Same Day,CUST-0299,PROD-0125,628.25,10,0.12,131.67
ORD-83241,2025-03-09,2025-03-10,Standard Class,CUST-0125,PROD-0063,706.85,5,0.09,193.84
ORD-76668,2025-04-16,2025-04-23,Second Class,CUST-0220,PROD-0025,183.89,6,0.06,11.15
ORD-23776,2025-06-29,2025-07-02,First Class,CUST-0220,PROD-0150,69.75,8,0.26,11.72
ORD-27277,2025-04-02,2025-04-07,First Class,CUST-0242,PROD-0054,1524.44,10,0.27,269.15
ORD-10281,2024-04-03,2024-04-04,First Class,CUST-0066,PROD-0060,990.34,8,0.17,199.45
ORD-47448,2024-08-10,2024-08-16,Second Class,CUST-0228,PROD-0005,918.04,5,0.23,88.5
ORD-60829,2024-04-18,2024-04-20,Standard Class,CUST-0286,PROD-0042,222.24,7,0.18,20.62
ORD-50473,2024-03-22,2024-03-25,First Class,CUST-0045,PROD-0153,1913.65,4,0.11,386.83
ORD-60826,2024-12-24,2024-12-30,First Class,CUST-0017,PROD-0007,801.65,2,0.24,236.21
ORD-39181,2023-12-11,2023-12-21,First Class,CUST-0119,PROD-0031,175.14,4,0.05,11.29
ORD-56836,2024-07-19,2024-07-27,Same Day,CUST-0182,PROD-0167,1425.57,1,0.04,285.51
ORD-87433,2024-07-29,2024-08-06,Standard Class,CUST-0058,PROD-0104,906.02,5,0.07,189.58
ORD-38841,2025-05-05,2025-05-11,Second Class,CUST-0018,PROD-0123,1655.34,2,0.03,112.72
ORD-43989,2025-06-18,2025-06-28,Same Day,CUST-0294,PROD-0065,1767.67,6,0.17,295.49
ORD-90323,2024-12-16,2024-12-25,Standard Class,CUST-0286,PROD-0015,1935.62,6,0.22,224.02
ORD-58892,2024-06-26,2024-06-27,Second Class,CUST-0294,PROD-0199,1684.12,6,0.17,288.55
ORD-64750,2024-07-28,2024-08-04,First Class,CUST-0286,PROD-0076,1423.5,9,0.27,207.22
ORD-59081,2024-07-23,2024-07-28,Standard Class,CUST-0219,PROD-0160,1767.16,10,0.13,334.0
ORD-63315,2024-10-31,2024-11-09,Second Class,CUST-0243,PROD-0112,1084.87,3,0.12,300.62
ORD-68642,2024-05-25,2024-05-29,Second Class,CUST-0244,PROD-0032,1814.88,4,0.06,94.46
ORD-57809,2023-10-26,2023-11-04,Standard Class,CUST-0225,PROD-0163,242.98,2,0.02,22.8
ORD-62633,2023-12-14,2023-12-21,First Class,CUST-0270,PROD-0103,1280.26,10,0.11,197.35
ORD-73550,2025-01-24,2025-01-26,Standard Class,CUST-0234,PROD-0063,937.16,8,0.23,141.89
ORD-98085,2024-09-08,2024-09-09,Standard Class,CUST-0024,PROD-0161,1317.72,5,0.13,280.19
ORD-50459,2025-08-11,2025-08-13,Same Day,CUST-0175,PROD-0036,720.68,9,0.22,65.95
ORD-79271,2024-10-15,2024-10-18,First Class,CUST-0193,PROD-0190,1685.82,6,0.01,304.57
ORD-65884,2023-12-19,2023-12-25,First Class,CUST-0077,PROD-0060,1297.45,8,0.05,136.86
ORD-55920,2023-10-23,2023-11-01,Standard Class,CUST-0289,PROD-0073,1579.66,1,0.24,238.48
ORD-51905,2024-06-30,2024-07-05,Same Day,CUST-0285,PROD-0056,46.54,10,0.04,13.59
ORD-11328,2024-06-01,2024-06-04,Same Day,CUST-0162,PROD-0045,1419.59,2,0.11,340.45
ORD-52612,2024-04-24,2024-05-02,Second Class,CUST-0173,PROD-0014,776.8,1,0.09,193.49
ORD-92987,2023-12-25,2024-01-02,First Class,CUST-0131,PROD-0058,1957.83,4,0.05,562.51
ORD-53104,2024-05-27,2024-06-04,First Class,CUST-0111,PROD-0088,751.39,10,0.04,163.66
ORD-28766,2024-03-01,2024-03-03,Second Class,CUST-0103,PROD-0062,1954.9,8,0.25,145.55
ORD-25229,2024-11-14,2024-11-18,Second Class,CUST-0003,PROD-0097,341.4,2,0.21,54.02
ORD-78100,2024-12-31,2025-01-10,Standard Class,CUST-0285,PROD-0142,555.59,3,0.22,150.45
ORD-98148,2025-01-13,2025-01-20,Standard Class,CUST-0195,PROD-0183,691.43,4,0.27,54.04
ORD-56954,2024-07-19,2024-07-24,Second Class,CUST-0243,PROD-0131,1156.37,6,0.16,237.5
ORD-48687,2024-08-26,2024-09-04,Second Class,CUST-0069,PROD-0065,1892.47,3,0.05,493.78
ORD-29167,2025-06-06,2025-06-16,Second Class,CUST-0118,PROD-0085,1862.36,10,0.29,536.46
ORD-26754,2024-01-31,2024-02-02,Same Day,CUST-0133,PROD-0125,274.74,5,0.04,66.08
ORD-64532,2025-04-12,2025-04-16,Same Day,CUST-0099,PROD-0058,59.07,3,0.17,14.5
ORD-77321,2024-10-06,2024-10-13,First Class,CUST-0158,PROD-0023,1117.73,4,0.23,316.65
ORD-91926,2024-09-15,2024-09-25,Same Day,CUST-0276,PROD-0165,1797.42,9,0.3,149.79
ORD-39379,2024-07-19,2024-07-27,Standard Class,CUST-0223,PROD-0088,1817.03,2,0.01,312.02
ORD-77110,2024-06-05,2024-06-12,Standard Class,CUST-0072,PROD-0012,397.54,8,0.01,91.67
ORD-89260,2024-04-01,2024-04-08,Standard Class,CUST-0011,PROD-0089,1301.21,5,0.27,193.78
ORD-38295,2024-09-26,2024-09-28,Second Class,CUST-0157,PROD-0095,303.25,4,0.17,24.64
ORD-63361,2024-06-11,2024-06-12,Second Class,CUST-0068,PROD-0031,78.94,2,0.12,16.06
ORD-98802,2024-06-01,2024-06-08,Standard Class,CUST-0292,PROD-0186,484.67,8,0.1,99.24
ORD-48628,2023-11-23,2023-11-24,Second Class,CUST-0068,PROD-0041,47.82,8,0.22,13.58
ORD-38783,2025-06-27,2025-07-06,Same Day,CUST-0021,PROD-0061,605.27,6,0.03,180.33
ORD-35072,2025-06-01,2025-06-09,Standard Class,CUST-0129,PROD-0028,276.4,8,0.3,65.75
ORD-28027,2024-07-05,2024-07-15,Same Day,CUST-0256,PROD-0079,1638.09,3,0.09,171.44
ORD-93523,2024-06-11,2024-06-20,First Class,CUST-0090,PROD-0161,971.21,10,0.04,283.68
ORD-17785,2024-07-31,2024-08-09,First Class,CUST-0095,PROD-0187,1026.36,8,0.22,71.14
ORD-20628,2024-02-01,2024-02-11,Standard Class,CUST-0215,PROD-0063,1636.81,4,0.29,481.99
ORD-50237,2024-12-09,2024-12-13,Second Class,CUST-0180,PROD-0200,1955.95,3,0.2,576.93
ORD-60508,2024-08-22,2024-08-27,Second Class,CUST-0021,PROD-0134,460.28,10,0.11,134.17
ORD-32104,2024-09-11,2024-09-14,Second Class,CUST-0077,PROD-0133,552.06,1,0.02,41.1
ORD-17455,2025-05-16,2025-05-26,First Class,CUST-0240,PROD-0060,405.17,7,0.25,28.44
ORD-58758,2024-08-21,2024-08-31,First Class,CUST-0253,PROD-0198,452.35,4,0.24,94.21
ORD-19623,2023-12-11,2023-12-12,Same Day,CUST-0173,PROD-0142,762.51,10,0.2,78.45
ORD-49272,2024-08-22,2024-08-28,Standard Class,CUST-0048,PROD-0107,611.98,4,0.06,171.6
ORD-20237,2023-09-02,2023-09-09,Same Day,CUST-0032,PROD-0082,1341.34,1,0.28,100.95
ORD-95511,2025-08-21,2025-08-24,Second Class,CUST-0114,PROD-0078,1270.77,8,0.13,155.75
ORD-60654,2025-07-13,2025-07-20,Standard Class,CUST-0143,PROD-0126,931.85,3,0.2,111.04
ORD-87168,2024-06-03,2024-06-13,Same Day,CUST-0196,PROD-0166,629.62,9,0.11,40.21
ORD-58822,2024-09-28,2024-10-08,Second Class,CUST-0133,PROD-0061,1565.27,8,0.21,90.48
ORD-93105,2025-08-17,2025-08-20,Second Class,CUST-0090,PROD-0075,1686.17,3,0.18,101.64
ORD-43781,2025-05-04,2025-05-05,Standard Class,CUST-0300,PROD-0090,283.01,2,0.07,35.85
ORD-23355,2024-09-28,2024-10-02,Standard Class,CUST-0195,PROD-0086,25.17,5,0.19,4.42
ORD-30700,2025-01-21,2025-01-28,Standard Class,CUST-0219,PROD-0150,1493.07,6,0.01,266.65
ORD-24451,2023-11-14,2023-11-22,Standard Class,CUST-0039,PROD-0062,1161.86,2,0.28,276.7
ORD-65047,2023-09-02,2023-09-06,Second Class,CUST-0040,PROD-0062,1394.97,1,0.28,367.02
ORD-28685,2024-06-04,2024-06-11,Standard Class,CUST-0119,PROD-0056,1788.81,7,0.23,105.61
ORD-87715,2024-06-19,2024-06-23,Second Class,CUST-0006,PROD-0077,1342.83,5,0.1,278.76
ORD-89315,2025-06-01,2025-06-10,First Class,CUST-0206,PROD-0124,799.84,1,0.22,114.09
ORD-74348,2025-08-11,2025-08-12,First Class,CUST-0136,PROD-0099,631.09,2,0.06,96.28
ORD-41400,2025-03-07,2025-03-13,Same Day,CUST-0057,PROD-0074,584.55,5,0.09,63.77
ORD-20420,2023-10-21,2023-10-28,Standard Class,CUST-0170,PROD-0088,1023.32,6,0.1,55.58
ORD-63789,2025-03-19,2025-03-27,Second Class,CUST-0169,PROD-0143,1271.35,1,0.17,366.99
ORD-51044,2024-08-09,2024-08-12,Same Day,CUST-0053,PROD-0109,1856.2,9,0.29,535.88
ORD-96758,2023-10-16,2023-10-23,First Class,CUST-0108,PROD-0065,1582.5,8,0.06,281.63
ORD-72390,2023-12-20,2023-12-23,Second Class,CUST-0265,PROD-0044,1017.72,4,0.29,126.72
ORD-96314,2023-10-31,2023-11-02,First Class,CUST-0145,PROD-0121,1348.78,5,0.2,209.04
ORD-25469,2025-04-10,2025-04-16,Same Day,CUST-0185,PROD-0025,1609.39,4,0.01,414.16
ORD-24956,2024-02-13,2024-02-22,Same Day,CUST-0049,PROD-0175,1952.02,7,0.1,387.67
ORD-85534,2023-09-29,2023-09-30,Standard Class,CUST-0219,PROD-0148,1069.26,6,0.11,135.97
ORD-75622,2024-05-03,2024-05-06,Second Class,CUST-0076,PROD-0092,1634.62,10,0.25,148.68
ORD-67281,2024-08-03,2024-08-05,Second Class,CUST-0264,PROD-0127,149.6,2,0.12,16.2
ORD-22467,2024-05-29,2024-06-05,First Class,CUST-0015,PROD-0096,542.64,2,0.12,140.87
ORD-66930,2024-10-17,2024-10-25,Second Class,CUST-0182,PROD-0068,1271.91,10,0.16,233.98
ORD-72048,2024-02-01,2024-02-02,Second Class,CUST-0142,PROD-0040,1770.11,10,0.11,166.61
ORD-82909,2025-04-10,2025-04-16,Same Day,CUST-0289,PROD-0171,573.61,1,0.22,166.43
ORD-50994,2024-12-12,2024-12-15,Same Day,CUST-0049,PROD-0014,798.25,4,0.1,52.19
ORD-40675,2023-09-19,2023-09-27,First Class,CUST-0234,PROD-0191,554.58,3,0.11,53.39
ORD-86870,2024-07-06,2024-07-08,Second Class,CUST-0248,PROD-0188,1064.89,10,0.04,83.55
ORD-47134,2025-01-27,2025-01-31,Same Day,CUST-0203,PROD-0057,1035.3,2,0.15,250.58
ORD-89054,2025-01-30,2025-02-08,Second Class,CUST-0094,PROD-0003,1005.96,10,0.29,175.59
ORD-73047,2024-11-21,2024-11-25,Second Class,CUST-0171,PROD-0053,59.5,1,0.21,6.86
ORD-81882,2024-07-17,2024-07-26,Second Class,CUST-0290,PROD-0089,1194.8,2,0.02,113.63
ORD-91545,2025-01-11,2025-01-15,First Class,CUST-0017,PROD-0151,404.15,2,0.22,79.01
ORD-23026,2024-07-30,2024-08-02,Standard Class,CUST-0022,PROD-0047,968.64,4,0.11,67.57
ORD-57651,2024-10-13,2024-10-23,First Class,CUST-0166,PROD-0079,783.22,4,0.06,205.56
ORD-34173,2025-04-10,2025-04-13,Second Class,CUST-0159,PROD-0115,1632.87,4,0.2,83.59
ORD-91449,2024-10-29,2024-11-08,Same Day,CUST-0109,PROD-0200,1458.79,8,0.03,292.3
ORD-11664,2023-11-06,2023-11-14,Same Day,CUST-0167,PROD-0004,1605.26,6,0.2,107.48
ORD-82829,2024-07-06,2024-07-11,First Class,CUST-0195,PROD-0166,93.37,8,0.11,18.24
ORD-15325,2024-11-12,2024-11-13,First Class,CUST-0083,PROD-0001,662.03,8,0.15,93.14
ORD-73920,2023-12-30,2024-01-04,Same Day,CUST-0115,PROD-0051,696.19,1,0.03,123.69
ORD-30375,2025-05-12,2025-05-17,First Class,CUST-0097,PROD-0091,1016.6,10,0.17,209.56
ORD-93716,2023-12-03,2023-12-04,Standard Class,CUST-0076,PROD-0176,1509.18,5,0.23,141.96
ORD-57039,2025-06-26,2025-06-27,Same Day,CUST-0281,PROD-0125,1950.91,7,0.17,525.91
ORD-87618,2023-09-30,2023-10-07,Standard Class,CUST-0183,PROD-0032,843.9,6,0.01,109.94
ORD-32262,2025-03-12,2025-03-20,First Class,CUST-0296,PROD-0187,992.14,6,0.22,76.19
ORD-93279,2024-08-21,2024-08-22,Standard Class,CUST-0167,PROD-0036,1033.51,7,0.18,191.55
ORD-34363,2023-09-16,2023-09-26,Second Class,CUST-0202,PROD-0176,1708.84,2,0.21,314.05
ORD-79570,2023-09-28,2023-09-29,Second Class,CUST-0167,PROD-0057,114.64,4,0.07,25.85
ORD-35357,2025-03-09,2025-03-12,Second Class,CUST-0197,PROD-0047,1562.21,8,0.04,386.1
ORD-55824,2025-03-18,2025-03-21,Second Class,CUST-0075,PROD-0152,1144.34,10,0.14,177.74
ORD-66960,2024-04-13,2024-04-22,Same Day,CUST-0154,PROD-0101,1442.42,6,0.07,338.29
ORD-67422,2024-11-14,2024-11-20,Same Day,CUST-0144,PROD-0012,1640.4,2,0.27,161.88
ORD-78417,2025-06-21,2025-06-23,Second Class,CUST-0060,PROD-0102,610.27,2,0.0,166.99
ORD-16505,2024-12-10,2024-12-19,Standard Class,CUST-0284,PROD-0127,1461.2,8,0.16,378.04
ORD-13396,2025-06-08,2025-06-15,Second Class,CUST-0029,PROD-0122,1312.72,4,0.25,203.07
ORD-92530,2025-02-05,2025-02-15,Same Day,CUST-0030,PROD-0158,1472.77,10,0.07,416.9
ORD-12195,2024-02-06,2024-02-08,First Class,CUST-0177,PROD-0032,1460.67,9,0.1,360.08
ORD-32107,2024-03-15,2024-03-24,First Class,CUST-0187,PROD-0072,1188.66,3,0.07,275.47
ORD-64823,2025-01-24,2025-01-27,First Class,CUST-0132,PROD-0182,629.78,9,0.24,108.26
ORD-84374,2025-02-14,2025-02-23,First Class,CUST-0048,PROD-0001,1547.91,8,0.28,426.05
ORD-74761,2025-05-12,2025-05-19,Same Day,CUST-0242,PROD-0101,1252.87,1,0.17,375.69
ORD-11796,2024-02-05,2024-02-12,Same Day,CUST-0154,PROD-0182,768.83,9,0.09,111.43
ORD-89900,2025-01-10,2025-01-15,First Class,CUST-0293,PROD-0144,1125.25,10,0.22,115.69
ORD-20687,2024-09-04,2024-09-13,First Class,CUST-0007,PROD-0168,521.85,6,0.08,136.81
ORD-98466,2025-02-16,2025-02-26,Standard Class,CUST-0224,PROD-0003,1382.13,8,0.01,70.89
ORD-99539,2024-10-04,2024-10-12,First Class,CUST-0026,PROD-0165,1710.04,3,0.24,409.25
ORD-85647,2025-01-22,2025-01-31,First Class,CUST-0135,PROD-0139,1190.97,10,0.1,331.5
ORD-48967,2023-10-29,2023-11-02,Same Day,CUST-0028,PROD-0168,1941.29,6,0.09,174.8
ORD-40579,2024-04-03,2024-04-08,Standard Class,CUST-0287,PROD-0010,1590.21,2,0.14,229.41
ORD-11485,2023-10-18,2023-10-20,Standard Class,CUST-0289,PROD-0017,913.44,1,0.26,169.83
ORD-89557,2023-09-06,2023-09-10,First Class,CUST-0283,PROD-0082,1396.66,9,0.16,208.31
ORD-43885,2023-10-19,2023-10-23,Same Day,CUST-0216,PROD-0123,376.88,4,0.2,35.16
ORD-30108,2023-08-28,2023-08-30,Second Class,CUST-0258,PROD-0106,285.99,5,0.1,48.98
ORD-13159,2023-12-26,2023-12-31,Standard Class,CUST-0079,PROD-0126,1692.06,7,0.19,164.5
ORD-56491,2023-11-16,2023-11-18,First Class,CUST-0229,PROD-0089,998.2,3,0.03,269.08
ORD-25476,2025-02-06,2025-02-15,First Class,CUST-0033,PROD-0164,278.67,2,0.03,25.12
ORD-51132,2024-11-21,2024-11-26,First Class,CUST-0027,PROD-0087,405.69,2,0.01,43.01
ORD-89331,2025-06-15,2025-06-25,First Class,CUST-0248,PROD-0004,1435.94,9,0.06,147.19
ORD-92509,2025-02-14,2025-02-16,Standard Class,CUST-0123,PROD-0165,1231.3,5,0.26,327.82
ORD-43221,2024-11-12,2024-11-15,First Class,CUST-0095,PROD-0046,729.5,3,0.16,171.85
ORD-82776,2023-10-28,2023-10-29,Standard Class,CUST-0107,PROD-0137,1860.59,1,0.14,274.43
ORD-36069,2024-08-09,2024-08-19,Second Class,CUST-0170,PROD-0173,1751.34,8,0.05,295.09
ORD-51300,2025-01-14,2025-01-18,Second Class,CUST-0194,PROD-0190,697.11,1,0.19,109.97
ORD-10215,2024-04-03,2024-04-12,Same Day,CUST-0176,PROD-0039,1607.41,2,0.05,93.02
ORD-55892,2025-07-13,2025-07-18,Same Day,CUST-0042,PROD-0126,1914.29,9,0.21,530.2
ORD-33221,2025-04-16,2025-04-19,First Class,CUST-0057,PROD-0009,1586.74,3,0.26,137.51
ORD-34271,2025-05-07,2025-05-15,Standard Class,CUST-0229,PROD-0192,1359.02,4,0.28,125.86
ORD-56997,2025-04-06,2025-04-14,Same Day,CUST-0190,PROD-0064,24.7,5,0.28,5.37
ORD-37197,2024-10-14,2024-10-23,Standard Class,CUST-0196,PROD-0017,1207.04,9,0.12,339.74
ORD-33896,2024-07-08,2024-07-10,First Class,CUST-0049,PROD-0146,1218.92,6,0.23,269.67
ORD-87970,2025-06-25,2025-06-26,Second Class,CUST-0234,PROD-0143,771.77,8,0.13,163.9
ORD-91683,2023-09-22,2023-09-28,Second Class,CUST-0241,PROD-0132,596.67,3,0.14,103.79
ORD-11657,2024-08-23,2024-08-30,Standard Class,CUST-0126,PROD-0195,615.46,8,0.23,107.02
ORD-21148,2025-08-03,2025-08-04,Second Class,CUST-0211,PROD-0120,1264.77,7,0.01,95.46
ORD-34827,2023-09-10,2023-09-20,Same Day,CUST-0190,PROD-0132,654.65,3,0.22,170.49
ORD-31718,2025-04-27,2025-04-29,Same Day,CUST-0140,PROD-0054,1403.48,5,0.13,81.78
ORD-53396,2025-05-20,2025-05-30,Same Day,CUST-0246,PROD-0180,355.07,6,0.29,45.3
ORD-48928,2024-10-06,2024-10-10,Same Day,CUST-0158,PROD-0154,1551.09,8,0.16,462.38
ORD-16770,2023-10-25,2023-10-30,Standard Class,CUST-0270,PROD-0194,1813.16,6,0.01,201.84
ORD-78554,2023-10-27,2023-11-02,First Class,CUST-0219,PROD-0042,160.71,5,0.13,45.74
ORD-69741,2024-07-08,2024-07-10,Same Day,CUST-0232,PROD-0021,1580.76,5,0.1,375.22
ORD-89863,2024-07-18,2024-07-19,Second Class,CUST-0092,PROD-0131,1341.71,4,0.25,205.41
ORD-24655,2025-04-02,2025-04-08,First Class,CUST-0157,PROD-0041,1883.23,6,0.01,251.49
ORD-66062,2025-01-17,2025-01-18,Standard Class,CUST-0247,PROD-0099,179.37,3,0.16,21.09
ORD-17815,2025-04-25,2025-04-30,Second Class,CUST-0230,PROD-0192,1991.72,8,0.16,546.4
ORD-22873,2023-10-25,2023-10-27,Same Day,CUST-0030,PROD-0138,1084.51,1,0.22,238.03
ORD-29871,2025-08-12,2025-08-15,Standard Class,CUST-0064,PROD-0032,236.31,6,0.2,63.25
ORD-47751,2024-05-05,2024-05-12,Standard Class,CUST-0205,PROD-0172,223.11,4,0.23,38.44
ORD-43206,2023-11-16,2023-11-22,Second Class,CUST-0246,PROD-0166,485.54,8,0.15,51.16
ORD-48977,2024-07-28,2024-07-31,Standard Class,CUST-0262,PROD-0091,283.8,1,0.14,42.08
ORD-30037,2025-04-26,2025-04-30,Second Class,CUST-0293,PROD-0099,688.15,8,0.21,150.58
ORD-36390,2024-11-06,2024-11-13,Same Day,CUST-0189,PROD-0129,1658.25,3,0.02,173.74
ORD-17955,2024-05-14,2024-05-21,Same Day,CUST-0268,PROD-0147,469.14,6,0.01,133.22
ORD-57819,2024-02-12,2024-02-17,Same Day,CUST-0012,PROD-0153,666.74,1,0.06,93.42
ORD-23445,2025-08-12,2025-08-20,Second Class,CUST-0292,PROD-0119,1557.51,10,0.24,415.52
ORD-72218,2024-10-03,2024-10-12,Standard Class,CUST-0171,PROD-0053,1180.14,2,0.19,68.93
ORD-50615,2023-10-09,2023-10-16,First Class,CUST-0100,PROD-0106,414.55,4,0.29,56.72
ORD-12042,2024-10-05,2024-10-10,First Class,CUST-0016,PROD-0151,1980.52,1,0.23,477.99
ORD-32896,2024-04-21,2024-04-25,First Class,CUST-0167,PROD-0079,709.85,5,0.07,118.0
ORD-13682,2024-09-12,2024-09-15,Same Day,CUST-0190,PROD-0184,1587.12,2,0.03,88.49
ORD-48385,2024-12-10,2024-12-11,Standard Class,CUST-0039,PROD-0134,192.77,10,0.13,41.71
ORD-12635,2024-05-27,2024-06-04,First Class,CUST-0292,PROD-0098,1484.43,2,0.13,178.96
ORD-13331,2024-09-15,2024-09-19,First Class,CUST-0102,PROD-0179,873.92,2,0.05,126.52
ORD-11809,2024-01-14,2024-01-22,Standard Class,CUST-0238,PROD-0177,1641.71,9,0.2,128.21
ORD-57362,2024-06-11,2024-06-21,Second Class,CUST-0065,PROD-0183,1653.65,4,0.22,470.16
ORD-67061,2025-07-28,2025-08-06,Second Class,CUST-0083,PROD-0082,1560.01,4,0.13,385.39
ORD-77477,2024-03-21,2024-03-29,First Class,CUST-0255,PROD-0010,722.12,7,0.05,106.19
ORD-53054,2025-05-05,2025-05-15,Second Class,CUST-0065,PROD-0019,1134.73,1,0.29,106.18
ORD-52037,2024-09-27,2024-10-05,Same Day,CUST-0236,PROD-0150,451.24,8,0.01,76.71
ORD-40024,2024-12-24,2024-12-28,Standard Class,CUST-0149,PROD-0143,707.65,2,0.09,50.37
ORD-79905,2025-08-08,2025-08-18,Same Day,CUST-0201,PROD-0035,1013.67,2,0.09,180.07
ORD-70486,2025-07-15,2025-07-22,Standard Class,CUST-0005,PROD-0110,961.21,3,0.07,104.01
ORD-18178,2023-10-08,2023-10-13,Standard Class,CUST-0065,PROD-0123,1317.06,9,0.17,325.31
ORD-63206,2024-08-30,2024-09-09,Standard Class,CUST-0113,PROD-0155,774.94,7,0.04,163.01
ORD-42243,2025-03-24,2025-03-31,Second Class,CUST-0043,PROD-0139,679.14,9,0.21,157.24
ORD-91100,2025-05-03,2025-05-13,First Class,CUST-0039,PROD-0134,1166.33,1,0.12,236.71
ORD-45427,2025-07-12,2025-07-13,Second Class,CUST-0266,PROD-0047,982.45,2,0.01,287.93
ORD-91419,2023-11-27,2023-11-28,Same Day,CUST-0219,PROD-0155,315.14,1,0.29,63.01
ORD-13630,2025-01-16,2025-01-22,Standard Class,CUST-0075,PROD-0105,1498.92,5,0.21,341.77
ORD-91753,2025-01-16,2025-01-23,Second Class,CUST-0118,PROD-0191,1625.78,8,0.05,255.72
ORD-38714,2024-08-11,2024-08-18,Second Class,CUST-0039,PROD-0144,1494.71,3,0.3,302.75
ORD-93869,2024-03-14,2024-03-22,Same Day,CUST-0280,PROD-0069,271.45,5,0.29,28.52
ORD-99642,2024-10-21,2024-10-24,Standard Class,CUST-0287,PROD-0096,1139.16,6,0.01,155.84
ORD-20003,2025-06-07,2025-06-11,Standard Class,CUST-0135,PROD-0058,23.81,7,0.1,2.55
ORD-27972,2025-06-15,2025-06-23,Same Day,CUST-0192,PROD-0167,1345.0,5,0.29,113.23
ORD-29906,2024-12-05,2024-12-12,Second Class,CUST-0201,PROD-0159,1165.86,10,0.22,113.91
ORD-65118,2025-07-21,2025-07-29,Standard Class,CUST-0239,PROD-0177,1027.96,6,0.2,283.29
ORD-21997,2025-04-10,2025-04-13,Standard Class,CUST-0038,PROD-0198,266.09,9,0.02,66.44
ORD-43017,2024-06-17,2024-06-24,First Class,CUST-0014,PROD-0100,1703.08,1,0.29,493.7
ORD-67188,2024-08-30,2024-09-09,First Class,CUST-0298,PROD-0178,1026.08,10,0.12,203.98
ORD-58469,2024-03-27,2024-03-30,Second Class,CUST-0299,PROD-0056,35.48,1,0.02,7.93
ORD-81754,2024-12-21,2024-12-26,Second Class,CUST-0166,PROD-0067,1050.06,7,0.05,182.51
ORD-28109,2024-02-18,2024-02-23,Same Day,CUST-0112,PROD-0086,1669.04,4,0.22,158.96
ORD-23528,2023-09-13,2023-09-21,First Class,CUST-0213,PROD-0024,171.76,5,0.23,45.95
ORD-20913,2023-10-11,2023-10-21,Standard Class,CUST-0068,PROD-0186,746.95,3,0.01,178.79
ORD-11220,2025-01-04,2025-01-10,Second Class,CUST-0016,PROD-0148,1347.31,6,0.28,351.66
ORD-11814,2025-08-03,2025-08-05,Standard Class,CUST-0081,PROD-0137,1575.46,2,0.05,257.92
ORD-91015,2024-08-11,2024-08-16,Standard Class,CUST-0033,PROD-0157,1350.45,4,0.01,310.12
ORD-21723,2024-09-09,2024-09-16,First Class,CUST-0035,PROD-0010,115.1,9,0.24,13.23
ORD-66195,2024-01-12,2024-01-21,First Class,CUST-0203,PROD-0020,904.64,6,0.04,127.91
ORD-29094,2025-08-04,2025-08-12,Same Day,CUST-0191,PROD-0181,274.07,4,0.19,75.78
ORD-19999,2024-08-09,2024-08-17,Second Class,CUST-0293,PROD-0195,333.34,8,0.15,63.65
ORD-97430,2024-04-24,2024-04-30,First Class,CUST-0190,PROD-0173,970.69,6,0.02,99.85
ORD-85146,2023-09-25,2023-10-04,Same Day,CUST-0255,PROD-0011,1486.75,3,0.25,136.17
ORD-46996,2024-04-24,2024-04-25,First Class,CUST-0154,PROD-0035,740.02,7,0.2,102.7
ORD-94551,2024-11-04,2024-11-07,First Class,CUST-0298,PROD-0136,865.51,7,0.25,241.77
ORD-70241,2025-06-28,2025-07-05,Second Class,CUST-0167,PROD-0169,80.8,6,0.18,6.13
ORD-66982,2025-02-12,2025-02-19,Same Day,CUST-0203,PROD-0189,1915.4,8,0.06,388.63
ORD-39811,2024-11-30,2024-12-04,First Class,CUST-0086,PROD-0028,1417.94,3,0.21,273.85
ORD-89325,2024-03-22,2024-03-26,Second Class,CUST-0247,PROD-0146,1975.8,3,0.22,551.38
ORD-45404,2024-05-30,2024-06-08,First Class,CUST-0230,PROD-0136,804.46,6,0.27,145.63
ORD-11105,2024-05-08,2024-05-13,Second Class,CUST-0294,PROD-0107,1503.02,1,0.17,437.91
ORD-36891,2024-11-29,2024-12-08,Standard Class,CUST-0160,PROD-0063,1465.26,5,0.07,184.12
ORD-95779,2024-02-20,2024-02-22,Standard Class,CUST-0214,PROD-0035,773.91,9,0.27,68.44
ORD-28238,2024-06-03,2024-06-12,Second Class,CUST-0227,PROD-0065,1281.23,3,0.28,172.92
ORD-74790,2024-11-02,2024-11-08,Standard Class,CUST-0227,PROD-0004,1580.58,2,0.11,156.09
ORD-88300,2025-03-13,2025-03-19,Standard Class,CUST-0296,PROD-0039,1832.23,1,0.01,92.73
ORD-81301,2023-11-12,2023-11-16,Standard Class,CUST-0114,PROD-0189,1233.98,10,0.13,320.97
ORD-65010,2024-03-29,2024-04-04,Standard Class,CUST-0136,PROD-0082,1911.08,10,0.04,359.62
ORD-26930,2024-07-30,2024-08-07,Standard Class,CUST-0232,PROD-0143,1812.64,1,0.2,330.36
ORD-20579,2025-04-04,2025-04-12,Second Class,CUST-0044,PROD-0086,1337.57,7,0.04,72.06
ORD-49803,2025-01-19,2025-01-27,Same Day,CUST-0060,PROD-0037,1238.39,3,0.14,164.3
ORD-90766,2025-06-11,2025-06-21,Standard Class,CUST-0227,PROD-0110,258.03,7,0.06,52.12
ORD-40886,2024-05-11,2024-05-14,Same Day,CUST-0251,PROD-0135,1740.48,1,0.12,352.72
ORD-77393,2023-10-28,2023-11-04,First Class,CUST-0281,PROD-0025,150.25,3,0.14,13.73
ORD-28532,2024-11-23,2024-11-28,Second Class,CUST-0143,PROD-0097,901.26,3,0.29,117.92
ORD-23986,2025-05-19,2025-05-23,Second Class,CUST-0286,PROD-0028,1152.29,10,0.0,96.25
ORD-74508,2024-09-02,2024-09-06,Standard Class,CUST-0299,PROD-0055,1686.27,1,0.29,173.31
ORD-39976,2024-06-06,2024-06-08,Second Class,CUST-0203,PROD-0117,10.39,1,0.24,1.51
ORD-20317,2025-04-29,2025-05-06,First Class,CUST-0235,PROD-0143,1630.32,3,0.08,297.85
ORD-76006,2023-11-28,2023-12-08,Same Day,CUST-0155,PROD-0151,1686.31,1,0.12,171.11
ORD-68377,2024-04-10,2024-04-20,First Class,CUST-0094,PROD-0162,902.58,9,0.15,264.43
ORD-88046,2024-02-05,2024-02-10,Standard Class,CUST-0241,PROD-0028,1859.56,7,0.02,348.94
ORD-85720,2025-07-11,2025-07-13,First Class,CUST-0227,PROD-0028,1661.27,1,0.1,294.64
ORD-22629,2024-12-26,2025-01-03,Second Class,CUST-0099,PROD-0168,238.51,1,0.22,29.45
ORD-63067,2025-04-21,2025-04-22,Same Day,CUST-0072,PROD-0168,1066.95,5,0.07,308.0
ORD-51674,2025-01-28,2025-01-29,Standard Class,CUST-0188,PROD-0069,1865.6,2,0.15,205.35
ORD-82866,2023-11-04,2023-11-10,Same Day,CUST-0270,PROD-0151,923.96,8,0.21,84.45
ORD-35918,2024-02-09,2024-02-10,Same Day,CUST-0163,PROD-0014,147.97,4,0.3,16.09
ORD-80744,2024-03-29,2024-04-01,Standard Class,CUST-0298,PROD-0181,414.79,3,0.21,39.17
ORD-43951,2024-04-12,2024-04-18,Standard Class,CUST-0280,PROD-0115,1996.94,9,0.11,265.71
ORD-14292,2023-09-12,2023-09-15,Same Day,CUST-0151,PROD-0006,34.22,9,0.24,7.12
ORD-59864,2023-09-04,2023-09-10,Same Day,CUST-0102,PROD-0095,1829.16,1,0.1,457.05
ORD-54670,2024-10-16,2024-10-23,First Class,CUST-0090,PROD-0104,586.31,5,0.04,157.84
ORD-26273,2025-05-15,2025-05-18,Same Day,CUST-0290,PROD-0097,732.65,9,0.08,108.63
ORD-38902,2023-11-22,2023-12-01,Standard Class,CUST-0063,PROD-0103,1922.01,10,0.27,346.46
ORD-81113,2024-08-13,2024-08-16,First Class,CUST-0152,PROD-0119,1419.01,7,0.21,373.02
ORD-64089,2024-01-07,2024-01-14,Second Class,CUST-0232,PROD-0153,468.84,8,0.06,93.83
ORD-85821,2024-10-06,2024-10-09,Same Day,CUST-0021,PROD-0056,1082.74,3,0.23,100.83
ORD-56962,2023-09-02,2023-09-10,Second Class,CUST-0198,PROD-0033,322.24,6,0.01,82.58
ORD-74130,2024-04-24,2024-05-04,First Class,CUST-0132,PROD-0012,1095.78,9,0.07,305.94
ORD-22288,2024-05-24,2024-05-25,First Class,CUST-0167,PROD-0110,1069.26,1,0.03,153.92
ORD-41910,2024-07-15,2024-07-23,First Class,CUST-0053,PROD-0148,588.42,6,0.06,148.62
ORD-70914,2024-05-28,2024-06-05,Second Class,CUST-0089,PROD-0089,188.49,1,0.26,43.89
ORD-94779,2024-08-30,2024-09-04,Second Class,CUST-0152,PROD-0157,1006.78,9,0.18,177.53
ORD-31312,2023-10-23,2023-10-29,Standard Class,CUST-0161,PROD-0053,1991.14,10,0.09,444.99
ORD-45273,2024-04-19,2024-04-21,Same Day,CUST-0009,PROD-0031,1465.74,6,0.13,370.76
ORD-20844,2025-08-08,2025-08-15,Same Day,CUST-0236,PROD-0126,67.11,2,0.05,17.29
ORD-20030,2025-05-20,2025-05-24,Same Day,CUST-0026,PROD-0061,330.63,7,0.19,40.11
ORD-39023,2024-05-18,2024-05-20,Standard Class,CUST-0219,PROD-0043,241.24,10,0.19,51.16
ORD-17486,2024-02-27,2024-03-04,Second Class,CUST-0219,PROD-0192,612.6,8,0.06,94.48
ORD-77270,2025-07-31,2025-08-09,Second Class,CUST-0004,PROD-0002,530.34,9,0.29,135.39
ORD-32067,2025-02-13,2025-02-15,Second Class,CUST-0150,PROD-0115,892.04,5,0.05,126.86
ORD-57847,2023-09-30,2023-10-08,Same Day,CUST-0261,PROD-0098,73.99,7,0.25,4.14
ORD-92767,2024-12-23,2025-01-01,Standard Class,CUST-0259,PROD-0019,1227.3,7,0.03,173.22
ORD-92298,2025-01-18,2025-01-25,Same Day,CUST-0192,PROD-0139,1123.43,5,0.25,127.61
ORD-95099,2025-07-18,2025-07-25,Same Day,CUST-0173,PROD-0155,592.89,3,0.18,162.88
ORD-44982,2024-04-26,2024-05-04,Second Class,CUST-0086,PROD-0184,167.25,6,0.11,35.06
ORD-82932,2023-10-29,2023-10-30,Same Day,CUST-0068,PROD-0044,1827.37,10,0.14,109.87
ORD-51947,2023-12-30,2024-01-02,First Class,CUST-0100,PROD-0183,796.42,10,0.15,95.57
ORD-23268,2024-10-03,2024-10-06,Second Class,CUST-0012,PROD-0035,787.88,10,0.24,185.54
ORD-58246,2023-09-03,2023-09-08,Second Class,CUST-0118,PROD-0116,273.43,2,0.17,62.95
ORD-91244,2024-06-05,2024-06-06,Second Class,CUST-0092,PROD-0064,1359.55,7,0.12,398.7
ORD-28523,2025-07-21,2025-07-25,Standard Class,CUST-0226,PROD-0115,1459.2,10,0.05,166.9
ORD-59865,2024-11-04,2024-11-06,Same Day,CUST-0262,PROD-0015,680.84,9,0.16,42.45
ORD-51393,2023-08-26,2023-08-30,Standard Class,CUST-0164,PROD-0027,1457.75,8,0.09,136.33
ORD-79042,2025-01-11,2025-01-13,Standard Class,CUST-0232,PROD-0199,500.62,5,0.23,123.88
ORD-33052,2025-02-16,2025-02-18,Standard Class,CUST-0028,PROD-0101,1121.39,2,0.26,151.67
ORD-54986,2025-01-06,2025-01-09,Same Day,CUST-0124,PROD-0186,1990.49,6,0.15,196.96
ORD-61602,2023-09-11,2023-09-21,First Class,CUST-0285,PROD-0168,557.96,9,0.19,106.96
ORD-19070,2024-02-29,2024-03-07,Standard Class,CUST-0066,PROD-0159,934.53,9,0.26,195.92
ORD-24800,2024-04-15,2024-04-25,Second Class,CUST-0002,PROD-0177,1441.93,5,0.11,431.49
ORD-51683,2024-08-11,2024-08-17,Second Class,CUST-0098,PROD-0007,885.33,6,0.28,79.3
ORD-54491,2024-11-20,2024-11-27,First Class,CUST-0176,PROD-0101,1523.21,8,0.1,430.75
ORD-85939,2023-09-15,2023-09-19,Standard Class,CUST-0214,PROD-0046,751.05,9,0.23,107.11
ORD-42259,2024-09-22,2024-10-02,First Class,CUST-0008,PROD-0065,1547.59,6,0.12,448.67
ORD-91444,2025-07-27,2025-07-30,First Class,CUST-0041,PROD-0107,878.92,10,0.26,175.51
ORD-51416,2025-08-21,2025-08-25,Same Day,CUST-0152,PROD-0054,865.1,7,0.04,51.87
ORD-63017,2024-05-27,2024-06-06,First Class,CUST-0154,PROD-0126,538.69,3,0.23,44.93
ORD-25310,2023-10-04,2023-10-08,Same Day,CUST-0079,PROD-0199,351.81,4,0.07,38.62
ORD-47323,2025-03-06,2025-03-12,Standard Class,CUST-0155,PROD-0101,651.58,9,0.26,110.7
ORD-90912,2024-07-06,2024-07-11,Standard Class,CUST-0090,PROD-0148,237.75,8,0.19,58.44
ORD-65434,2025-04-03,2025-04-04,Same Day,CUST-0180,PROD-0195,1032.94,2,0.1,172.73
ORD-28712,2023-12-19,2023-12-25,Second Class,CUST-0200,PROD-0076,1883.15,4,0.07,115.21
ORD-68653,2023-12-22,2023-12-28,Standard Class,CUST-0162,PROD-0122,1614.33,4,0.14,451.96
ORD-88461,2025-01-10,2025-01-20,Standard Class,CUST-0061,PROD-0100,186.98,1,0.11,30.08
ORD-13263,2024-06-29,2024-07-05,Same Day,CUST-0092,PROD-0166,1531.91,1,0.16,393.91
ORD-12679,2025-01-03,2025-01-05,Second Class,CUST-0273,PROD-0003,1895.75,9,0.18,298.04
ORD-94458,2024-09-23,2024-09-29,Same Day,CUST-0009,PROD-0130,1259.97,10,0.03,226.21
ORD-89595,2023-09-11,2023-09-12,First Class,CUST-0072,PROD-0011,422.04,7,0.05,60.24
ORD-99842,2023-10-15,2023-10-24,Same Day,CUST-0131,PROD-0076,1422.82,7,0.04,426.38
ORD-96915,2024-04-10,2024-04-19,Standard Class,CUST-0160,PROD-0146,1568.94,4,0.07,411.13
ORD-39488,2024-10-06,2024-10-14,Standard Class,CUST-0117,PROD-0085,1610.42,6,0.02,326.99
ORD-50941,2024-06-30,2024-07-07,Standard Class,CUST-0154,PROD-0118,443.15,7,0.2,107.86
ORD-57153,2025-08-19,2025-08-22,First Class,CUST-0100,PROD-0054,909.54,2,0.08,62.72
ORD-93075,2023-12-09,2023-12-12,Second Class,CUST-0073,PROD-0183,1646.79,4,0.07,354.18
ORD-11365,2025-06-29,2025-07-05,First Class,CUST-0219,PROD-0150,1502.17,6,0.03,200.18
ORD-71763,2025-06-26,2025-07-05,Same Day,CUST-0055,PROD-0017,1728.94,1,0.12,431.45
ORD-59736,2025-07-14,2025-07-21,First Class,CUST-0220,PROD-0152,36.88,9,0.12,8.66
ORD-21759,2025-06-19,2025-06-23,First Class,CUST-0019,PROD-0032,1271.39,2,0.1,149.11
ORD-58905,2025-07-26,2025-08-02,First Class,CUST-0260,PROD-0153,617.8,8,0.03,176.89
ORD-38583,2025-01-20,2025-01-25,Same Day,CUST-0095,PROD-0151,1323.71,4,0.12,364.15
ORD-92799,2023-10-26,2023-11-01,Standard Class,CUST-0288,PROD-0136,184.02,9,0.0,11.1
ORD-88069,2023-12-26,2024-01-02,Same Day,CUST-0267,PROD-0060,1760.89,5,0.21,154.75
ORD-71246,2024-03-11,2024-03-12,Second Class,CUST-0132,PROD-0065,877.88,6,0.22,215.44
ORD-96715,2024-01-01,2024-01-10,Same Day,CUST-0211,PROD-0125,305.39,2,0.17,26.26
ORD-42872,2024-02-10,2024-02-13,First Class,CUST-0070,PROD-0106,1302.14,6,0.21,66.16
ORD-54339,2025-01-21,2025-01-23,Second Class,CUST-0155,PROD-0048,1528.24,6,0.04,374.54
ORD-20268,2024-09-11,2024-09-20,Same Day,CUST-0169,PROD-0072,1335.7,8,0.1,132.04
ORD-43064,2023-09-26,2023-10-03,First Class,CUST-0186,PROD-0130,1051.85,1,0.08,104.32
ORD-96568,2024-09-30,2024-10-02,Second Class,CUST-0149,PROD-0128,1059.61,8,0.09,245.85
ORD-80062,2025-01-12,2025-01-16,Second Class,CUST-0169,PROD-0058,1927.45,10,0.18,420.33
ORD-74839,2023-11-20,2023-11-24,Standard Class,CUST-0123,PROD-0100,1315.12,6,0.24,243.14
ORD-56712,2025-02-07,2025-02-13,Same Day,CUST-0138,PROD-0132,893.3,1,0.1,50.5
ORD-91725,2023-09-22,2023-10-01,Same Day,CUST-0075,PROD-0085,73.72,5,0.02,8.66
ORD-44712,2024-03-23,2024-03-24,Same Day,CUST-0166,PROD-0011,158.85,6,0.13,29.37
ORD-16458,2024-02-17,2024-02-18,Second Class,CUST-0151,PROD-0042,1563.83,8,0.12,295.51
ORD-11481,2025-07-09,2025-07-13,Standard Class,CUST-0150,PROD-0126,1566.44,8,0.28,141.9
ORD-26557,2024-12-15,2024-12-19,Same Day,CUST-0215,PROD-0158,1408.11,10,0.16,136.95
ORD-29838,2023-09-24,2023-09-29,Standard Class,CUST-0236,PROD-0149,949.2,8,0.28,79.6
ORD-73519,2024-09-05,2024-09-11,First Class,CUST-0294,PROD-0002,1303.83,10,0.05,83.09
ORD-95595,2024-04-16,2024-04-24,Second Class,CUST-0168,PROD-0172,1085.7,10,0.21,246.76
ORD-71990,2023-12-10,2023-12-13,First Class,CUST-0277,PROD-0079,1008.0,9,0.05,140.22
ORD-30938,2024-09-21,2024-09-25,First Class,CUST-0261,PROD-0125,1203.87,6,0.22,180.42
ORD-12585,2025-03-01,2025-03-05,First Class,CUST-0222,PROD-0067,1619.58,8,0.05,184.31
ORD-65486,2024-10-16,2024-10-20,Same Day,CUST-0278,PROD-0188,1239.35,4,0.08,200.34
ORD-53753,2024-08-03,2024-08-06,First Class,CUST-0089,PROD-0138,1962.78,2,0.03,490.91
ORD-51019,2024-06-08,2024-06-12,Standard Class,CUST-0113,PROD-0197,694.31,6,0.05,60.82
ORD-92242,2023-11-29,2023-11-30,First Class,CUST-0202,PROD-0117,673.73,4,0.12,178.49
ORD-80420,2023-08-24,2023-09-02,Standard Class,CUST-0015,PROD-0063,587.23,4,0.22,32.24
ORD-63454,2024-06-20,2024-06-26,Same Day,CUST-0008,PROD-0052,542.49,7,0.13,45.44
ORD-49511,2025-07-06,2025-07-13,Second Class,CUST-0262,PROD-0017,52.77,8,0.28,12.34
ORD-51320,2024-12-16,2024-12-20,First Class,CUST-0262,PROD-0184,1030.37,4,0.3,83.69
ORD-12222,2024-01-04,2024-01-09,First Class,CUST-0050,PROD-0160,161.84,3,0.05,32.1
ORD-47472,2025-07-19,2025-07-21,First Class,CUST-0238,PROD-0042,1726.25,4,0.18,91.7
ORD-89572,2025-08-09,2025-08-13,First Class,CUST-0208,PROD-0185,221.96,3,0.12,46.03
ORD-42304,2025-05-25,2025-05-31,Same Day,CUST-0060,PROD-0164,1738.4,8,0.14,110.2
ORD-21673,2025-07-06,2025-07-11,Standard Class,CUST-0290,PROD-0030,71.72,9,0.2,13.71
ORD-29518,2025-06-06,2025-06-11,First Class,CUST-0213,PROD-0193,466.43,9,0.19,74.91
ORD-79607,2025-03-15,2025-03-17,Standard Class,CUST-0134,PROD-0005,751.34,8,0.06,49.96
ORD-25929,2024-04-11,2024-04-21,Same Day,CUST-0055,PROD-0002,496.13,6,0.01,141.35
ORD-24544,2023-12-10,2023-12-11,Second Class,CUST-0068,PROD-0090,870.89,8,0.29,130.31
ORD-48540,2025-07-15,2025-07-19,Same Day,CUST-0051,PROD-0139,1859.39,6,0.15,147.16
ORD-35328,2025-03-04,2025-03-14,Second Class,CUST-0251,PROD-0088,70.0,4,0.19,8.04
ORD-70558,2023-12-26,2024-01-05,First Class,CUST-0208,PROD-0157,496.33,8,0.24,126.42
ORD-29774,2024-11-13,2024-11-16,Standard Class,CUST-0299,PROD-0003,928.39,9,0.27,244.36
ORD-22946,2024-04-24,2024-04-29,Second Class,CUST-0110,PROD-0005,1747.78,4,0.2,237.39
ORD-28218,2024-05-08,2024-05-11,Same Day,CUST-0231,PROD-0096,756.16,8,0.08,96.33
ORD-85775,2024-02-05,2024-02-07,Standard Class,CUST-0167,PROD-0180,544.1,9,0.11,64.77
ORD-76088,2023-09-13,2023-09-20,Second Class,CUST-0187,PROD-0016,1446.92,3,0.12,126.15
ORD-66486,2025-05-20,2025-05-24,First Class,CUST-0117,PROD-0102,811.2,1,0.2,43.83
ORD-59901,2024-06-10,2024-06-11,Same Day,CUST-0222,PROD-0030,1577.19,4,0.28,366.49
ORD-37524,2025-01-05,2025-01-13,First Class,CUST-0210,PROD-0005,1084.42,3,0.24,193.57
ORD-97011,2024-08-07,2024-08-10,Standard Class,CUST-0291,PROD-0040,341.14,6,0.01,100.84
ORD-67364,2025-05-29,2025-06-04,Second Class,CUST-0189,PROD-0167,802.23,6,0.29,178.93
ORD-59920,2025-02-06,2025-02-09,Standard Class,CUST-0155,PROD-0188,1328.73,3,0.04,207.25
ORD-58002,2023-12-17,2023-12-26,Second Class,CUST-0054,PROD-0113,89.48,4,0.13,10.32
ORD-77899,2025-04-03,2025-04-13,Standard Class,CUST-0269,PROD-0131,1052.82,8,0.16,247.97
ORD-25356,2023-10-27,2023-10-28,First Class,CUST-0240,PROD-0117,1085.92,9,0.26,227.64
ORD-10117,2023-10-08,2023-10-15,First Class,CUST-0235,PROD-0112,1771.81,1,0.24,186.39
ORD-45245,2024-11-14,2024-11-23,Standard Class,CUST-0125,PROD-0097,865.7,6,0.19,90.23
ORD-28518,2024-06-03,2024-06-09,Second Class,CUST-0276,PROD-0135,1885.34,5,0.28,124.15
ORD-38861,2025-02-19,2025-02-28,Same Day,CUST-0236,PROD-0175,890.7,5,0.11,91.17
ORD-91030,2025-01-05,2025-01-14,Same Day,CUST-0012,PROD-0092,1150.07,1,0.22,63.51
ORD-90855,2025-05-19,2025-05-25,Second Class,CUST-0258,PROD-0122,323.59,9,0.08,18.59
ORD-10225,2024-11-30,2024-12-05,First Class,CUST-0044,PROD-0061,1747.73,2,0.16,202.98
ORD-15516,2025-04-23,2025-05-03,Second Class,CUST-0097,PROD-0185,1525.27,4,0.14,202.77
ORD-52657,2023-11-09,2023-11-16,Standard Class,CUST-0088,PROD-0193,1492.07,10,0.25,168.91
ORD-74403,2024-10-06,2024-10-12,Standard Class,CUST-0162,PROD-0099,1077.76,9,0.29,95.2
ORD-14052,2024-06-27,2024-07-06,Second Class,CUST-0218,PROD-0187,332.48,4,0.15,84.4
ORD-77142,2024-10-27,2024-10-30,Second Class,CUST-0137,PROD-0102,1492.81,10,0.17,130.67
ORD-88156,2024-05-15,2024-05-23,Standard Class,CUST-0184,PROD-0156,1201.38,3,0.1,92.5
ORD-41503,2024-05-01,2024-05-11,First Class,CUST-0279,PROD-0136,1160.85,9,0.04,139.47
ORD-28685,2025-05-04,2025-05-05,Second Class,CUST-0148,PROD-0137,1930.77,5,0.18,99.7
ORD-11593,2024-12-16,2024-12-25,Same Day,CUST-0111,PROD-0042,1283.25,3,0.04,350.41
ORD-58112,2024-07-10,2024-07-20,Same Day,CUST-0284,PROD-0146,1286.46,2,0.16,100.78
ORD-26259,2023-11-17,2023-11-22,Standard Class,CUST-0231,PROD-0133,1716.94,3,0.15,413.53
ORD-52006,2024-09-29,2024-10-01,Second Class,CUST-0296,PROD-0095,689.5,1,0.14,50.89
ORD-92965,2024-01-23,2024-02-01,Second Class,CUST-0188,PROD-0061,640.46,7,0.19,137.99
ORD-75220,2024-03-15,2024-03-25,First Class,CUST-0285,PROD-0020,409.54,10,0.07,122.67
ORD-37072,2024-08-05,2024-08-09,Same Day,CUST-0109,PROD-0161,290.34,6,0.07,54.96
ORD-99267,2024-10-03,2024-10-13,Standard Class,CUST-0005,PROD-0061,1517.54,9,0.21,300.32
ORD-86045,2024-06-08,2024-06-14,First Class,CUST-0240,PROD-0126,349.96,3,0.04,83.71
ORD-39190,2024-05-19,2024-05-22,Standard Class,CUST-0049,PROD-0131,1457.67,5,0.3,316.06
ORD-10193,2023-08-27,2023-09-05,First Class,CUST-0290,PROD-0152,1469.49,2,0.28,414.63
ORD-86001,2025-08-12,2025-08-22,Standard Class,CUST-0008,PROD-0033,598.52,9,0.11,55.02
ORD-13198,2025-05-23,2025-05-31,Second Class,CUST-0265,PROD-0059,1810.28,1,0.13,200.14
ORD-83294,2024-07-16,2024-07-22,First Class,CUST-0194,PROD-0037,35.63,1,0.22,4.02
ORD-86791,2024-01-28,2024-02-02,First Class,CUST-0071,PROD-0189,919.22,2,0.24,128.34
ORD-52943,2025-03-23,2025-03-29,Second Class,CUST-0056,PROD-0004,255.91,2,0.22,50.8
ORD-92098,2023-10-28,2023-11-02,Same Day,CUST-0005,PROD-0103,143.58,6,0.02,42.02
ORD-14389,2025-01-24,2025-02-03,Standard Class,CUST-0032,PROD-0104,1876.44,10,0.04,266.33
ORD-15823,2024-05-01,2024-05-07,First Class,CUST-0060,PROD-0042,1057.96,2,0.23,198.38
ORD-10829,2024-09-10,2024-09-12,Standard Class,CUST-0187,PROD-0077,719.61,3,0.26,191.14
ORD-12298,2024-07-08,2024-07-17,Same Day,CUST-0251,PROD-0193,660.97,6,0.07,141.31
ORD-98337,2024-11-18,2024-11-24,Second Class,CUST-0006,PROD-0097,1940.31,4,0.13,536.88
ORD-63018,2024-08-14,2024-08-17,Second Class,CUST-0259,PROD-0073,58.78,8,0.26,3.64
ORD-36520,2023-11-30,2023-12-04,Second Class,CUST-0047,PROD-0179,786.21,1,0.07,168.86
ORD-36072,2024-09-18,2024-09-26,First Class,CUST-0010,PROD-0121,520.76,9,0.01,32.57
ORD-32558,2025-07-29,2025-08-02,First Class,CUST-0235,PROD-0146,1986.13,8,0.15,344.18
ORD-63938,2024-03-26,2024-04-03,Standard Class,CUST-0272,PROD-0114,1953.17,10,0.07,150.32
ORD-24301,2025-05-24,2025-05-30,First Class,CUST-0142,PROD-0022,1641.67,1,0.25,333.38
ORD-61692,2024-07-11,2024-07-17,Second Class,CUST-0102,PROD-0059,1275.74,4,0.09,319.79
ORD-10888,2025-05-10,2025-05-14,Same Day,CUST-0295,PROD-0195,598.17,4,0.02,85.47
ORD-85104,2023-09-28,2023-09-29,Second Class,CUST-0179,PROD-0052,476.35,5,0.03,54.01
ORD-74554,2023-12-04,2023-12-13,Same Day,CUST-0274,PROD-0170,1036.81,1,0.18,58.22
ORD-83726,2024-08-06,2024-08-12,Same Day,CUST-0172,PROD-0160,1654.88,6,0.02,246.11
ORD-55262,2024-06-12,2024-06-15,Second Class,CUST-0195,PROD-0169,265.76,4,0.1,15.17
ORD-39470,2024-09-28,2024-10-05,Standard Class,CUST-0073,PROD-0081,621.14,5,0.27,102.42
ORD-13685,2024-04-10,2024-04-14,Same Day,CUST-0101,PROD-0171,1241.75,5,0.16,144.26
ORD-66784,2024-04-03,2024-04-04,Standard Class,CUST-0176,PROD-0029,183.68,5,0.0,38.26
ORD-17476,2023-11-04,2023-11-12,Same Day,CUST-0018,PROD-0013,919.92,8,0.24,208.21
ORD-88440,2025-02-26,2025-03-08,Same Day,CUST-0225,PROD-0122,259.88,7,0.13,40.22
ORD-64909,2025-05-30,2025-06-07,Second Class,CUST-0198,PROD-0068,919.52,8,0.16,127.34
ORD-97824,2024-09-07,2024-09-10,First Class,CUST-0090,PROD-0040,911.86,3,0.28,243.81
ORD-45599,2023-09-21,2023-09-25,Standard Class,CUST-0261,PROD-0197,392.28,1,0.19,47.98
ORD-97680,2024-01-12,2024-01-19,Same Day,CUST-0271,PROD-0006,737.56,6,0.16,124.89
ORD-16544,2024-10-25,2024-11-02,First Class,CUST-0287,PROD-0049,1981.22,8,0.15,142.65
ORD-83054,2024-08-02,2024-08-12,Standard Class,CUST-0231,PROD-0138,53.81,9,0.15,14.45
ORD-14889,2025-01-31,2025-02-08,Same Day,CUST-0056,PROD-0157,917.39,5,0.01,75.63
ORD-27035,2023-11-01,2023-11-06,Same Day,CUST-0014,PROD-0180,1491.04,3,0.15,159.99
ORD-93829,2023-11-11,2023-11-16,First Class,CUST-0144,PROD-0175,298.87,8,0.25,84.9
ORD-97394,2025-06-17,2025-06-27,Second Class,CUST-0057,PROD-0127,118.93,1,0.14,14.63
ORD-83640,2024-07-24,2024-07-30,Second Class,CUST-0004,PROD-0085,264.87,3,0.05,60.05
ORD-26247,2024-01-15,2024-01-17,Same Day,CUST-0112,PROD-0046,1681.18,8,0.3,470.82
ORD-85540,2024-11-12,2024-11-15,Same Day,CUST-0150,PROD-0024,1729.99,1,0.13,189.29
ORD-90173,2023-09-08,2023-09-09,Standard Class,CUST-0118,PROD-0134,1205.33,5,0.21,151.77
ORD-26075,2023-12-17,2023-12-22,First Class,CUST-0084,PROD-0145,673.93,7,0.29,171.22
ORD-79450,2025-06-30,2025-07-01,Second Class,CUST-0159,PROD-0178,1225.54,4,0.08,112.03
ORD-29015,2024-04-18,2024-04-23,First Class,CUST-0107,PROD-0073,1384.53,7,0.26,268.42
ORD-20617,2024-08-08,2024-08-10,Second Class,CUST-0183,PROD-0059,1796.05,6,0.08,510.16
ORD-61910,2024-04-28,2024-05-01,Standard Class,CUST-0065,PROD-0162,974.81,5,0.26,124.74
ORD-74087,2024-01-23,2024-01-27,Second Class,CUST-0084,PROD-0027,1157.14,3,0.11,90.94
ORD-70683,2025-01-21,2025-01-30,Same Day,CUST-0081,PROD-0093,1488.13,4,0.21,197.25
ORD-68848,2023-11-10,2023-11-13,Same Day,CUST-0201,PROD-0170,132.72,9,0.22,25.17
ORD-51825,2023-10-25,2023-10-27,Same Day,CUST-0177,PROD-0195,822.57,5,0.19,86.8
ORD-45853,2023-09-19,2023-09-27,Second Class,CUST-0260,PROD-0097,1292.17,7,0.14,386.49
ORD-91578,2024-11-09,2024-11-15,First Class,CUST-0225,PROD-0141,1011.01,2,0.05,147.52
ORD-29755,2024-11-17,2024-11-26,Second Class,CUST-0245,PROD-0118,1874.21,9,0.17,231.23
ORD-59222,2024-07-22,2024-07-23,First Class,CUST-0280,PROD-0077,590.03,5,0.01,30.81
ORD-23810,2024-06-15,2024-06-18,Second Class,CUST-0266,PROD-0090,793.53,4,0.17,158.16
ORD-85849,2024-08-27,2024-09-05,First Class,CUST-0019,PROD-0075,491.71,10,0.06,140.63
ORD-49196,2024-11-12,2024-11-22,Second Class,CUST-0095,PROD-0010,1265.17,2,0.09,224.64
ORD-51006,2023-09-17,2023-09-27,Second Class,CUST-0037,PROD-0034,1029.22,6,0.18,280.21
ORD-49416,2024-01-11,2024-01-14,Same Day,CUST-0100,PROD-0014,636.26,2,0.19,141.07
ORD-37389,2024-12-15,2024-12-23,Second Class,CUST-0239,PROD-0139,1153.06,3,0.01,306.24
ORD-48345,2025-03-31,2025-04-03,Standard Class,CUST-0231,PROD-0190,668.69,4,0.17,170.88
ORD-17717,2025-02-22,2025-02-27,First Class,CUST-0241,PROD-0160,966.2,8,0.17,115.34
ORD-58014,2023-11-30,2023-12-06,First Class,CUST-0076,PROD-0041,1816.88,8,0.01,331.51
ORD-55635,2025-01-06,2025-01-09,Same Day,CUST-0037,PROD-0139,400.3,6,0.18,118.15
ORD-42404,2025-01-26,2025-01-28,Same Day,CUST-0277,PROD-0042,382.9,5,0.16,81.38
ORD-41528,2024-04-30,2024-05-08,Second Class,CUST-0209,PROD-0074,1101.21,5,0.08,207.51
ORD-40247,2024-11-14,2024-11-17,First Class,CUST-0215,PROD-0195,357.95,7,0.12,61.49
ORD-25223,2025-02-19,2025-02-23,Same Day,CUST-0260,PROD-0031,1833.21,3,0.16,503.26
ORD-54610,2024-04-26,2024-05-02,Standard Class,CUST-0084,PROD-0117,26.47,5,0.21,3.51
ORD-86837,2024-05-10,2024-05-15,Second Class,CUST-0226,PROD-0008,821.37,3,0.03,203.97
ORD-49630,2025-07-20,2025-07-29,Second Class,CUST-0292,PROD-0045,1771.25,3,0.24,264.43
ORD-92600,2024-02-14,2024-02-19,Same Day,CUST-0093,PROD-0010,1870.04,10,0.09,532.55
ORD-34961,2023-10-28,2023-11-07,First Class,CUST-0160,PROD-0076,1045.71,10,0.09,172.63
ORD-43097,2024-02-22,2024-03-01,Standard Class,CUST-0229,PROD-0015,1690.64,7,0.1,339.36
ORD-15146,2024-11-05,2024-11-09,Second Class,CUST-0202,PROD-0100,784.62,10,0.14,82.01
ORD-45708,2024-02-24,2024-02-28,Second Class,CUST-0280,PROD-0032,518.75,1,0.03,109.69
ORD-61161,2024-01-29,2024-01-31,Same Day,CUST-0066,PROD-0162,1457.15,10,0.16,190.68
ORD-14323,2024-04-01,2024-04-03,Same Day,CUST-0097,PROD-0106,1928.52,4,0.03,481.77
ORD-66475,2025-01-14,2025-01-24,Same Day,CUST-0272,PROD-0125,1467.58,1,0.02,349.79
ORD-24091,2024-08-03,2024-08-10,First Class,CUST-0036,PROD-0119,1959.04,2,0.19,436.84
ORD-36835,2024-10-20,2024-10-28,Same Day,CUST-0266,PROD-0029,191.19,5,0.22,22.03
ORD-55152,2024-04-29,2024-05-04,Second Class,CUST-0181,PROD-0087,355.94,1,0.25,46.23
ORD-84963,2024-06-10,2024-06-15,Second Class,CUST-0060,PROD-0186,1590.53,8,0.27,254.63
ORD-19745,2024-07-06,2024-07-15,Standard Class,CUST-0123,PROD-0034,830.18,3,0.14,74.08
ORD-47807,2023-12-31,2024-01-01,Same Day,CUST-0076,PROD-0102,1779.29,7,0.13,175.99
ORD-96418,2024-05-09,2024-05-15,Standard Class,CUST-0095,PROD-0100,1684.77,8,0.19,491.33
ORD-99748,2023-12-24,2023-12-31,First Class,CUST-0294,PROD-0094,820.9,9,0.05,187.24
ORD-13650,2025-05-17,2025-05-20,Standard Class,CUST-0058,PROD-0055,1437.43,7,0.29,311.27
ORD-56348,2024-08-19,2024-08-21,Same Day,CUST-0267,PROD-0033,1531.69,10,0.05,404.33
ORD-98841,2025-04-09,2025-04-11,Standard Class,CUST-0017,PROD-0186,1382.46,10,0.26,408.24
ORD-40825,2024-01-05,2024-01-14,First Class,CUST-0036,PROD-0192,1928.5,2,0.18,442.06
ORD-15311,2023-09-26,2023-09-27,Second Class,CUST-0260,PROD-0076,1415.22,10,0.12,311.16
ORD-52165,2023-08-31,2023-09-07,Second Class,CUST-0074,PROD-0061,1027.65,2,0.05,67.19
ORD-12929,2024-12-21,2024-12-29,Same Day,CUST-0286,PROD-0011,262.76,9,0.2,20.95
ORD-73696,2024-07-03,2024-07-12,Standard Class,CUST-0037,PROD-0093,1417.53,7,0.28,271.22
ORD-43865,2024-09-19,2024-09-29,First Class,CUST-0286,PROD-0115,1468.96,10,0.28,358.99
ORD-15123,2024-09-08,2024-09-11,Second Class,CUST-0150,PROD-0122,263.08,1,0.28,39.38
ORD-40011,2024-11-26,2024-11-28,First Class,CUST-0142,PROD-0004,732.8,6,0.01,176.34
ORD-88864,2023-11-02,2023-11-06,Standard Class,CUST-0276,PROD-0094,17.37,6,0.05,4.76
ORD-38853,2024-11-17,2024-11-21,First Class,CUST-0101,PROD-0026,1201.27,8,0.13,202.93
ORD-30844,2023-10-20,2023-10-26,Standard Class,CUST-0167,PROD-0184,1512.6,7,0.19,76.95
ORD-72841,2023-10-10,2023-10-11,Second Class,CUST-0051,PROD-0035,1675.59,9,0.12,459.59
ORD-16044,2024-05-23,2024-05-25,Same Day,CUST-0084,PROD-0026,1082.57,9,0.05,121.9
ORD-84935,2023-12-08,2023-12-11,Same Day,CUST-0100,PROD-0171,818.62,2,0.26,145.87
ORD-49351,2024-04-30,2024-05-08,Same Day,CUST-0246,PROD-0061,1501.03,7,0.03,443.76
ORD-98146,2024-09-08,2024-09-09,First Class,CUST-0043,PROD-0079,781.16,5,0.04,186.21
ORD-16213,2024-07-28,2024-07-30,Standard Class,CUST-0060,PROD-0075,197.17,10,0.13,57.7
ORD-51543,2024-12-30,2025-01-07,First Class,CUST-0293,PROD-0185,42.86,10,0.16,8.88
ORD-81971,2025-03-10,2025-03-11,Same Day,CUST-0254,PROD-0029,1415.89,7,0.29,140.91
ORD-81954,2024-04-20,2024-04-29,Same Day,CUST-0050,PROD-0063,200.06,6,0.11,19.24
ORD-21988,2024-10-27,2024-11-02,First Class,CUST-0016,PROD-0148,1893.01,3,0.28,161.44
ORD-22585,2023-09-07,2023-09-15,Same Day,CUST-0236,PROD-0168,1320.78,8,0.1,372.8
ORD-92439,2023-12-07,2023-12-11,Second Class,CUST-0006,PROD-0065,625.76,6,0.14,66.42
ORD-94479,2024-04-06,2024-04-14,Second Class,CUST-0211,PROD-0071,1826.55,4,0.18,391.81
ORD-22670,2024-12-11,2024-12-17,First Class,CUST-0098,PROD-0131,1891.31,9,0.11,288.12
ORD-47078,2025-02-14,2025-02-24,First Class,CUST-0214,PROD-0068,972.87,2,0.01,253.73
ORD-69259,2024-03-19,2024-03-29,Same Day,CUST-0044,PROD-0163,1988.8,6,0.1,306.52
ORD-90116,2025-04-05,2025-04-13,Second Class,CUST-0187,PROD-0191,1820.66,9,0.05,136.55
ORD-96725,2024-08-13,2024-08-18,First Class,CUST-0238,PROD-0031,745.28,9,0.14,114.84
ORD-40966,2024-03-07,2024-03-15,Same Day,CUST-0156,PROD-0012,897.88,4,0.04,105.08
ORD-65646,2024-07-03,2024-07-11,Second Class,CUST-0019,PROD-0191,883.21,8,0.29,196.32
ORD-70160,2024-07-26,2024-07-27,Standard Class,CUST-0160,PROD-0047,104.53,3,0.27,11.84
ORD-38387,2025-06-30,2025-07-01,Second Class,CUST-0047,PROD-0139,1519.13,3,0.13,159.28
ORD-67498,2024-09-02,2024-09-05,Same Day,CUST-0299,PROD-0176,1784.31,6,0.13,276.61
ORD-40261,2024-01-19,2024-01-26,Second Class,CUST-0100,PROD-0196,200.1,3,0.07,20.45
ORD-17439,2025-01-24,2025-01-27,Same Day,CUST-0141,PROD-0135,644.27,7,0.08,36.53
ORD-82730,2025-08-03,2025-08-13,Second Class,CUST-0014,PROD-0138,1344.59,10,0.1,214.46
ORD-23479,2024-04-28,2024-05-05,Second Class,CUST-0032,PROD-0079,670.66,8,0.1,189.72
ORD-54846,2024-12-12,2024-12-16,Standard Class,CUST-0195,PROD-0122,1365.8,7,0.3,208.81
ORD-75763,2025-02-23,2025-02-25,Second Class,CUST-0092,PROD-0123,869.11,5,0.29,121.72
ORD-81721,2024-06-21,2024-06-28,Same Day,CUST-0161,PROD-0138,1859.62,7,0.18,293.35
ORD-22204,2024-10-19,2024-10-24,Standard Class,CUST-0092,PROD-0071,867.97,6,0.07,215.78
ORD-25776,2024-10-24,2024-10-30,First Class,CUST-0128,PROD-0079,1361.93,9,0.21,329.5
ORD-29818,2023-12-30,2024-01-09,First Class,CUST-0290,PROD-0173,1662.26,7,0.22,303.05
ORD-28133,2025-06-25,2025-06-28,Same Day,CUST-0283,PROD-0023,331.85,6,0.25,72.99
ORD-62477,2025-02-26,2025-03-01,Second Class,CUST-0280,PROD-0068,1224.45,4,0.01,159.28
ORD-38775,2025-02-22,2025-03-03,Standard Class,CUST-0154,PROD-0065,976.8,4,0.05,75.91
ORD-61399,2025-02-25,2025-02-27,Same Day,CUST-0203,PROD-0150,455.95,10,0.26,117.61
ORD-19196,2025-06-28,2025-07-07,First Class,CUST-0299,PROD-0043,1381.69,8,0.02,299.22
ORD-79938,2025-03-17,2025-03-24,Same Day,CUST-0040,PROD-0192,1300.41,8,0.28,371.26
ORD-15504,2024-06-20,2024-06-30,Standard Class,CUST-0183,PROD-0097,1790.52,3,0.12,517.71
ORD-98454,2025-02-18,2025-02-21,Second Class,CUST-0270,PROD-0067,1766.15,5,0.09,522.63
ORD-88877,2023-11-10,2023-11-16,First Class,CUST-0144,PROD-0106,1205.52,10,0.14,237.35
ORD-54824,2025-05-21,2025-05-28,First Class,CUST-0136,PROD-0064,72.26,7,0.15,8.94
ORD-86256,2025-03-06,2025-03-16,Same Day,CUST-0045,PROD-0039,1240.97,9,0.25,292.78
ORD-58083,2024-01-22,2024-01-28,Second Class,CUST-0036,PROD-0060,1358.64,3,0.07,347.34
ORD-62660,2025-06-26,2025-07-03,First Class,CUST-0056,PROD-0132,629.23,4,0.23,95.04
ORD-58315,2025-02-09,2025-02-12,Standard Class,CUST-0162,PROD-0054,1762.06,8,0.25,154.33
ORD-51279,2024-10-22,2024-10-28,First Class,CUST-0114,PROD-0086,744.05,3,0.04,134.21
ORD-92594,2025-06-30,2025-07-01,Same Day,CUST-0201,PROD-0109,1351.77,7,0.22,152.43
ORD-63771,2023-09-28,2023-10-05,Same Day,CUST-0044,PROD-0001,1030.73,1,0.25,181.49
ORD-18297,2024-12-27,2025-01-05,Second Class,CUST-0163,PROD-0160,1363.53,9,0.15,193.05
ORD-61622,2025-08-12,2025-08-16,Standard Class,CUST-0252,PROD-0153,1882.45,2,0.26,332.7
ORD-60875,2024-08-16,2024-08-19,Same Day,CUST-0277,PROD-0173,1034.25,1,0.08,248.94
ORD-45873,2024-01-16,2024-01-25,First Class,CUST-0155,PROD-0037,1467.78,7,0.27,242.25
ORD-33413,2025-01-22,2025-01-31,Same Day,CUST-0043,PROD-0096,645.99,7,0.29,87.25
ORD-96486,2024-01-24,2024-01-25,First Class,CUST-0271,PROD-0040,1858.31,7,0.13,300.39
ORD-69723,2023-11-04,2023-11-05,First Class,CUST-0098,PROD-0137,188.55,4,0.06,20.65
ORD-34937,2025-08-09,2025-08-11,Same Day,CUST-0071,PROD-0011,1901.51,9,0.24,193.15
ORD-69722,2024-05-21,2024-05-31,Second Class,CUST-0203,PROD-0076,463.3,3,0.22,111.23
ORD-45650,2024-08-06,2024-08-15,Same Day,CUST-0294,PROD-0088,337.49,4,0.19,24.46
ORD-32191,2025-05-14,2025-05-23,First Class,CUST-0204,PROD-0057,471.09,1,0.01,86.48
ORD-60685,2023-11-19,2023-11-21,Same Day,CUST-0260,PROD-0154,1078.56,5,0.29,196.13
ORD-78836,2024-08-15,2024-08-24,First Class,CUST-0074,PROD-0081,577.15,5,0.24,147.22
ORD-63284,2024-09-19,2024-09-24,Second Class,CUST-0037,PROD-0184,490.02,8,0.2,126.92
ORD-17052,2025-02-17,2025-02-23,First Class,CUST-0271,PROD-0096,1402.54,9,0.0,174.37
ORD-93369,2024-09-04,2024-09-06,First Class,CUST-0040,PROD-0177,660.29,10,0.2,197.59
ORD-91224,2024-11-09,2024-11-10,Second Class,CUST-0031,PROD-0119,880.87,5,0.2,149.66
ORD-90219,2024-12-31,2025-01-06,Same Day,CUST-0299,PROD-0116,989.35,3,0.13,111.45
ORD-35711,2024-12-27,2025-01-05,Same Day,CUST-0050,PROD-0065,959.72,9,0.27,206.38
ORD-51450,2025-05-13,2025-05-16,Second Class,CUST-0075,PROD-0069,925.38,10,0.25,62.92
ORD-50605,2024-12-11,2024-12-20,Standard Class,CUST-0212,PROD-0048,1855.78,2,0.15,278.29
ORD-17046,2024-03-28,2024-04-07,Same Day,CUST-0131,PROD-0010,716.95,5,0.13,51.36
ORD-63175,2024-06-17,2024-06-18,Standard Class,CUST-0141,PROD-0122,567.2,3,0.22,113.91
ORD-86085,2025-01-29,2025-02-04,Same Day,CUST-0236,PROD-0012,312.76,6,0.23,44.09
ORD-18272,2025-05-04,2025-05-09,Second Class,CUST-0149,PROD-0032,785.38,10,0.08,178.26
ORD-94369,2023-12-26,2024-01-01,Standard Class,CUST-0023,PROD-0138,1270.29,9,0.05,85.68
ORD-46443,2024-12-17,2024-12-19,First Class,CUST-0213,PROD-0197,1877.28,5,0.13,437.41
ORD-66296,2024-09-07,2024-09-16,Second Class,CUST-0260,PROD-0200,415.52,8,0.26,123.06
ORD-31412,2025-08-11,2025-08-13,Same Day,CUST-0157,PROD-0164,872.94,6,0.09,44.78
ORD-58206,2023-12-21,2023-12-27,Same Day,CUST-0190,PROD-0135,660.02,5,0.18,195.96
ORD-44339,2025-07-07,2025-07-12,First Class,CUST-0034,PROD-0190,1035.01,2,0.27,101.02
ORD-64918,2023-12-31,2024-01-06,Same Day,CUST-0242,PROD-0165,1144.9,3,0.18,241.89
ORD-90412,2025-05-16,2025-05-22,Standard Class,CUST-0134,PROD-0138,121.27,8,0.3,7.65
ORD-81280,2023-11-13,2023-11-18,Standard Class,CUST-0289,PROD-0185,46.13,10,0.21,9.0
ORD-88202,2025-05-13,2025-05-17,Second Class,CUST-0233,PROD-0023,1993.59,4,0.13,462.5
ORD-34350,2025-01-22,2025-01-28,Standard Class,CUST-0202,PROD-0055,1235.77,4,0.08,136.17
ORD-70165,2023-12-29,2024-01-04,Second Class,CUST-0291,PROD-0024,496.84,4,0.26,59.96
ORD-73918,2023-12-14,2023-12-20,Standard Class,CUST-0097,PROD-0193,653.25,1,0.28,174.7
ORD-48587,2024-08-03,2024-08-05,Standard Class,CUST-0289,PROD-0110,755.4,3,0.21,149.69
ORD-84116,2025-07-22,2025-07-29,Same Day,CUST-0207,PROD-0165,132.1,5,0.07,36.04
ORD-96554,2025-04-30,2025-05-07,Second Class,CUST-0273,PROD-0148,1719.49,8,0.02,464.48
ORD-88816,2025-04-30,2025-05-05,Standard Class,CUST-0069,PROD-0054,160.75,10,0.29,34.45
ORD-59603,2024-04-11,2024-04-21,First Class,CUST-0020,PROD-0043,1913.23,8,0.27,470.28
ORD-84050,2024-02-15,2024-02-18,First Class,CUST-0193,PROD-0001,851.55,4,0.27,157.17
ORD-68901,2024-03-07,2024-03-11,First Class,CUST-0013,PROD-0049,764.38,6,0.02,156.57
ORD-78506,2024-12-26,2024-12-28,Second Class,CUST-0194,PROD-0046,726.7,10,0.01,196.77
ORD-15634,2024-10-22,2024-10-30,First Class,CUST-0065,PROD-0115,1938.03,1,0.23,214.97
ORD-98686,2024-01-03,2024-01-05,Same Day,CUST-0276,PROD-0087,1174.64,10,0.29,343.27
ORD-80661,2025-06-30,2025-07-01,Same Day,CUST-0005,PROD-0142,722.61,8,0.16,172.28
ORD-93714,2024-01-24,2024-01-25,First Class,CUST-0017,PROD-0120,1302.49,10,0.15,365.91
ORD-35252,2025-02-11,2025-02-18,Same Day,CUST-0213,PROD-0182,1063.77,9,0.07,106.22
ORD-98065,2025-02-24,2025-02-26,First Class,CUST-0210,PROD-0177,945.11,1,0.24,249.6
ORD-89439,2025-07-15,2025-07-18,First Class,CUST-0292,PROD-0026,1885.67,6,0.26,189.87
ORD-36536,2024-11-17,2024-11-20,First Class,CUST-0016,PROD-0060,1956.1,8,0.15,247.7
ORD-13802,2024-04-14,2024-04-20,Same Day,CUST-0073,PROD-0062,1804.97,8,0.05,320.32
ORD-50291,2025-05-11,2025-05-19,Same Day,CUST-0005,PROD-0077,169.88,2,0.09,42.29
ORD-85978,2024-08-22,2024-08-31,First Class,CUST-0221,PROD-0031,146.88,8,0.03,20.45
ORD-98888,2024-03-04,2024-03-14,Second Class,CUST-0169,PROD-0167,1743.15,10,0.06,174.07
ORD-42521,2024-05-21,2024-05-26,First Class,CUST-0139,PROD-0019,1182.8,1,0.22,217.34
ORD-40628,2024-10-12,2024-10-19,Second Class,CUST-0252,PROD-0050,1971.63,2,0.06,318.52
ORD-75727,2024-12-11,2024-12-18,Second Class,CUST-0010,PROD-0136,543.44,5,0.27,83.31
ORD-66945,2025-06-07,2025-06-15,Standard Class,CUST-0096,PROD-0051,1628.77,3,0.03,341.02
ORD-52989,2025-07-23,2025-07-27,Second Class,CUST-0117,PROD-0174,522.27,4,0.19,154.99
ORD-45990,2024-03-30,2024-04-06,Second Class,CUST-0050,PROD-0002,1599.34,10,0.1,143.75
ORD-65046,2023-10-16,2023-10-25,Second Class,CUST-0014,PROD-0025,628.39,10,0.09,150.28
ORD-81262,2024-07-04,2024-07-08,Same Day,CUST-0113,PROD-0012,1748.83,5,0.19,301.31
ORD-92671,2024-06-25,2024-07-01,Second Class,CUST-0251,PROD-0035,1196.54,6,0.07,190.97
ORD-47498,2024-02-19,2024-02-29,Standard Class,CUST-0109,PROD-0110,508.55,5,0.04,138.23
ORD-81570,2024-01-07,2024-01-09,Same Day,CUST-0237,PROD-0184,1425.29,7,0.17,123.97
ORD-40645,2024-01-25,2024-01-29,Standard Class,CUST-0188,PROD-0067,1413.79,5,0.03,103.94
ORD-95133,2025-01-27,2025-01-30,Same Day,CUST-0216,PROD-0104,379.22,1,0.06,54.1
ORD-88056,2025-08-17,2025-08-21,Standard Class,CUST-0208,PROD-0089,1256.43,2,0.09,157.18
ORD-39688,2025-04-21,2025-04-22,Standard Class,CUST-0034,PROD-0200,863.37,4,0.21,182.08
ORD-14016,2025-01-08,2025-01-13,First Class,CUST-0212,PROD-0108,1253.0,5,0.08,276.53
ORD-16541,2025-03-17,2025-03-20,Same Day,CUST-0032,PROD-0044,73.27,2,0.16,8.86
ORD-85331,2024-10-21,2024-10-24,First Class,CUST-0089,PROD-0079,1921.46,8,0.27,304.93
ORD-93534,2023-12-09,2023-12-15,First Class,CUST-0238,PROD-0144,1069.28,6,0.08,235.87
ORD-55414,2024-08-09,2024-08-10,Second Class,CUST-0209,PROD-0040,1212.34,7,0.26,122.65
ORD-15880,2025-02-24,2025-03-02,First Class,CUST-0280,PROD-0076,1811.67,9,0.22,95.87
ORD-77894,2025-03-14,2025-03-19,First Class,CUST-0267,PROD-0034,567.19,5,0.15,50.2
ORD-64637,2025-01-19,2025-01-29,Standard Class,CUST-0060,PROD-0048,1727.33,1,0.08,287.31
ORD-10048,2024-09-11,2024-09-15,First Class,CUST-0095,PROD-0002,726.89,8,0.3,125.99
ORD-81366,2025-03-24,2025-03-27,First Class,CUST-0269,PROD-0169,1190.52,2,0.01,137.45
ORD-95229,2024-06-27,2024-06-30,Same Day,CUST-0263,PROD-0116,1432.25,3,0.06,243.75
ORD-37620,2025-06-02,2025-06-03,Standard Class,CUST-0219,PROD-0157,253.81,4,0.08,43.48
ORD-43779,2024-01-07,2024-01-14,Second Class,CUST-0074,PROD-0025,1581.12,1,0.06,136.83
ORD-22838,2023-12-31,2024-01-09,Same Day,CUST-0095,PROD-0089,1689.46,8,0.29,492.37
ORD-54741,2025-03-20,2025-03-26,Standard Class,CUST-0158,PROD-0128,1619.25,1,0.2,239.11
ORD-47712,2024-02-15,2024-02-17,Standard Class,CUST-0183,PROD-0097,1254.09,3,0.19,71.65
ORD-70524,2025-05-12,2025-05-19,Standard Class,CUST-0115,PROD-0163,991.5,10,0.21,285.08
ORD-93270,2024-03-15,2024-03-21,First Class,CUST-0074,PROD-0052,506.89,10,0.11,147.01
ORD-40453,2023-08-29,2023-09-02,Same Day,CUST-0107,PROD-0166,808.84,10,0.2,49.46
ORD-86535,2025-03-07,2025-03-15,First Class,CUST-0115,PROD-0007,1531.07,7,0.19,216.44
ORD-67230,2024-09-24,2024-10-01,First Class,CUST-0297,PROD-0018,984.2,7,0.01,274.94
ORD-75444,2025-07-21,2025-07-25,Standard Class,CUST-0138,PROD-0175,1426.79,7,0.27,211.37
ORD-49787,2024-07-10,2024-07-18,Standard Class,CUST-0083,PROD-0039,698.47,4,0.3,121.09
ORD-10449,2024-02-18,2024-02-20,Second Class,CUST-0197,PROD-0132,336.54,2,0.18,61.66
ORD-13748,2025-05-29,2025-06-02,Second Class,CUST-0299,PROD-0192,912.09,1,0.22,198.94
ORD-92612,2024-03-07,2024-03-15,First Class,CUST-0152,PROD-0103,10.27,9,0.24,1.52
ORD-70821,2024-01-01,2024-01-05,First Class,CUST-0273,PROD-0021,861.42,10,0.27,96.95
ORD-84564,2024-03-31,2024-04-09,Standard Class,CUST-0083,PROD-0097,586.03,7,0.22,161.27
ORD-93692,2024-05-08,2024-05-17,Standard Class,CUST-0223,PROD-0168,1952.73,6,0.29,415.72
ORD-72288,2024-11-26,2024-12-06,Standard Class,CUST-0086,PROD-0148,766.08,3,0.25,146.61
ORD-83091,2024-02-08,2024-02-11,First Class,CUST-0136,PROD-0010,1257.46,8,0.17,142.25
ORD-90542,2025-05-27,2025-05-29,Standard Class,CUST-0173,PROD-0076,1249.73,3,0.2,252.96
ORD-47431,2023-10-30,2023-11-01,Same Day,CUST-0184,PROD-0153,416.35,6,0.19,50.6
ORD-26620,2024-05-06,2024-05-11,Standard Class,CUST-0229,PROD-0169,1151.08,3,0.12,129.44
ORD-39147,2024-01-12,2024-01-13,Same Day,CUST-0199,PROD-0115,1492.72,8,0.23,377.38
ORD-56769,2024-04-08,2024-04-17,First Class,CUST-0163,PROD-0143,1993.99,3,0.26,176.0
ORD-84020,2024-10-14,2024-10-17,First Class,CUST-0248,PROD-0058,112.38,1,0.29,25.18
ORD-88554,2024-04-04,2024-04-05,Same Day,CUST-0083,PROD-0061,655.06,4,0.11,54.09
ORD-50487,2024-10-16,2024-10-24,Standard Class,CUST-0128,PROD-0112,1633.81,5,0.26,432.93
ORD-79726,2025-01-18,2025-01-28,Second Class,CUST-0062,PROD-0147,1246.85,4,0.2,286.2
ORD-43622,2025-08-02,2025-08-11,Second Class,CUST-0012,PROD-0184,512.66,1,0.27,66.29
ORD-42772,2024-04-19,2024-04-20,Same Day,CUST-0194,PROD-0050,243.83,3,0.04,32.83
ORD-28081,2025-05-10,2025-05-18,First Class,CUST-0053,PROD-0139,1767.66,7,0.1,165.61
ORD-34985,2024-12-30,2025-01-04,Standard Class,CUST-0037,PROD-0195,1138.36,9,0.28,168.31
ORD-26278,2024-09-18,2024-09-27,Standard Class,CUST-0112,PROD-0096,1080.11,6,0.12,266.26
ORD-27436,2024-03-06,2024-03-16,First Class,CUST-0249,PROD-0171,585.96,3,0.04,118.68
ORD-60954,2024-10-20,2024-10-24,Same Day,CUST-0249,PROD-0062,1649.88,4,0.05,344.02
ORD-69199,2025-08-10,2025-08-12,Same Day,CUST-0160,PROD-0103,342.46,6,0.13,39.35
ORD-37793,2023-12-21,2023-12-26,Standard Class,CUST-0219,PROD-0061,299.91,4,0.09,77.99
ORD-10565,2024-04-04,2024-04-08,First Class,CUST-0200,PROD-0132,68.09,9,0.14,3.85
ORD-11030,2024-08-26,2024-09-05,Second Class,CUST-0065,PROD-0075,66.79,1,0.21,9.48
ORD-65167,2024-04-18,2024-04-19,Second Class,CUST-0038,PROD-0019,366.64,2,0.12,90.83
ORD-62398,2025-05-02,2025-05-12,Same Day,CUST-0006,PROD-0121,637.88,8,0.08,143.6
ORD-90929,2025-06-02,2025-06-03,Second Class,CUST-0232,PROD-0185,49.69,10,0.22,3.01
ORD-92157,2025-05-29,2025-05-31,Standard Class,CUST-0153,PROD-0112,1612.33,6,0.18,233.17
ORD-41831,2023-12-01,2023-12-03,Standard Class,CUST-0292,PROD-0184,934.38,4,0.16,75.74
ORD-51357,2024-03-09,2024-03-19,Same Day,CUST-0200,PROD-0193,151.71,7,0.29,37.52
ORD-75221,2023-10-23,2023-10-30,First Class,CUST-0028,PROD-0056,20.74,1,0.19,5.62
ORD-94011,2024-02-09,2024-02-12,First Class,CUST-0241,PROD-0069,1653.6,5,0.15,147.9
ORD-10761,2023-09-05,2023-09-10,Same Day,CUST-0049,PROD-0039,1026.72,10,0.11,188.41
ORD-92298,2025-08-13,2025-08-20,First Class,CUST-0228,PROD-0147,164.01,6,0.1,33.49
ORD-80688,2025-08-03,2025-08-11,Same Day,CUST-0053,PROD-0071,858.47,4,0.1,89.66
ORD-31185,2025-01-28,2025-01-30,Second Class,CUST-0129,PROD-0079,1912.33,6,0.14,554.92
ORD-16518,2023-12-28,2024-01-02,Standard Class,CUST-0167,PROD-0025,1312.1,7,0.25,182.0
ORD-10592,2023-08-26,2023-09-04,Standard Class,CUST-0134,PROD-0110,411.3,2,0.25,25.34
ORD-29432,2024-12-22,2024-12-28,Same Day,CUST-0125,PROD-0023,1938.36,4,0.22,274.7
ORD-90468,2024-01-17,2024-01-24,First Class,CUST-0261,PROD-0029,1824.97,2,0.04,170.29
ORD-69166,2024-07-05,2024-07-08,Second Class,CUST-0095,PROD-0010,947.5,6,0.05,111.33
ORD-26195,2025-01-01,2025-01-02,First Class,CUST-0222,PROD-0081,747.09,9,0.16,197.38
ORD-86558,2023-12-29,2024-01-01,Second Class,CUST-0213,PROD-0121,1164.86,6,0.19,157.32
ORD-32723,2025-07-14,2025-07-18,Same Day,CUST-0196,PROD-0185,1624.96,6,0.17,486.35
ORD-65723,2023-09-01,2023-09-09,Second Class,CUST-0219,PROD-0181,713.81,7,0.07,158.79
ORD-58739,2024-12-16,2024-12-19,Second Class,CUST-0019,PROD-0171,1747.62,8,0.11,303.97
ORD-44655,2024-12-04,2024-12-11,Standard Class,CUST-0058,PROD-0059,1921.08,1,0.09,282.64
ORD-61257,2024-07-15,2024-07-20,Standard Class,CUST-0230,PROD-0019,1527.35,7,0.09,188.95
ORD-96852,2024-10-13,2024-10-19,First Class,CUST-0180,PROD-0095,1177.21,9,0.28,340.2
ORD-51676,2025-04-29,2025-05-05,First Class,CUST-0280,PROD-0081,496.64,8,0.07,118.75
ORD-27669,2023-09-07,2023-09-13,Standard Class,CUST-0234,PROD-0059,1064.24,6,0.26,215.26
ORD-48103,2024-01-21,2024-01-24,Second Class,CUST-0290,PROD-0084,1849.33,9,0.15,519.14
ORD-58262,2024-08-09,2024-08-18,Same Day,CUST-0283,PROD-0003,260.33,4,0.15,14.96
ORD-85387,2025-03-12,2025-03-13,Standard Class,CUST-0143,PROD-0124,994.28,5,0.01,170.07
ORD-90005,2025-01-30,2025-02-07,Second Class,CUST-0064,PROD-0190,1486.89,9,0.19,375.5
ORD-85199,2023-09-29,2023-10-05,First Class,CUST-0214,PROD-0143,114.24,9,0.27,24.56
ORD-89565,2025-07-09,2025-07-18,Same Day,CUST-0221,PROD-0176,1218.03,9,0.08,308.08
ORD-55463,2025-01-06,2025-01-14,Second Class,CUST-0202,PROD-0106,1719.52,10,0.05,468.03
ORD-99106,2025-02-06,2025-02-12,First Class,CUST-0223,PROD-0073,651.24,6,0.07,108.17
ORD-99104,2024-03-02,2024-03-03,Standard Class,CUST-0265,PROD-0082,210.98,10,0.18,55.22
ORD-93213,2024-07-05,2024-07-09,First Class,CUST-0146,PROD-0006,703.47,10,0.13,117.83
ORD-72906,2023-10-12,2023-10-21,Same Day,CUST-0187,PROD-0142,90.2,5,0.07,12.95
ORD-11654,2024-11-14,2024-11-21,Same Day,CUST-0190,PROD-0142,997.14,5,0.03,94.28
ORD-78577,2025-03-02,2025-03-11,First Class,CUST-0112,PROD-0070,1651.37,7,0.12,131.93
ORD-59882,2024-08-09,2024-08-16,Same Day,CUST-0216,PROD-0190,1114.51,5,0.13,151.58
ORD-57497,2025-04-07,2025-04-11,Same Day,CUST-0184,PROD-0049,1801.19,3,0.14,209.34
ORD-90687,2025-08-16,2025-08-18,Second Class,CUST-0133,PROD-0168,885.79,3,0.04,225.07
ORD-53788,2023-12-07,2023-12-10,Second Class,CUST-0294,PROD-0101,1202.63,5,0.12,341.5
ORD-61165,2025-05-16,2025-05-17,Second Class,CUST-0287,PROD-0176,55.56,7,0.26,6.01
ORD-96431,2025-04-19,2025-04-23,Second Class,CUST-0127,PROD-0137,131.69,9,0.09,36.65
ORD-34530,2023-12-27,2023-12-28,Second Class,CUST-0269,PROD-0187,695.75,8,0.16,60.4
ORD-93812,2024-08-18,2024-08-24,Second Class,CUST-0080,PROD-0086,1092.14,5,0.25,172.59
ORD-40306,2024-03-14,2024-03-21,Same Day,CUST-0157,PROD-0172,1686.78,7,0.26,263.71
ORD-45454,2025-03-21,2025-03-25,First Class,CUST-0135,PROD-0078,1083.35,4,0.27,138.17
ORD-85921,2024-09-13,2024-09-23,Same Day,CUST-0285,PROD-0006,1280.31,5,0.02,353.46
ORD-32986,2024-02-12,2024-02-18,Standard Class,CUST-0203,PROD-0012,537.52,7,0.13,63.27
ORD-55464,2024-03-12,2024-03-15,Same Day,CUST-0083,PROD-0073,696.47,7,0.05,115.51
ORD-19877,2025-07-09,2025-07-19,Same Day,CUST-0174,PROD-0150,703.28,8,0.14,81.75
ORD-29796,2024-09-26,2024-09-28,First Class,CUST-0100,PROD-0134,756.12,9,0.27,128.13
ORD-91319,2023-12-02,2023-12-04,Standard Class,CUST-0038,PROD-0008,1068.11,10,0.25,156.99
ORD-85907,2023-09-05,2023-09-10,Second Class,CUST-0191,PROD-0157,990.84,1,0.03,232.84
ORD-49787,2025-01-30,2025-02-03,Standard Class,CUST-0293,PROD-0196,1228.15,4,0.1,195.5
ORD-10718,2024-04-11,2024-04-12,Same Day,CUST-0016,PROD-0056,814.28,3,0.29,108.95
ORD-98378,2023-10-30,2023-11-04,Same Day,CUST-0203,PROD-0002,1611.09,6,0.2,473.93
ORD-25785,2024-06-02,2024-06-03,First Class,CUST-0151,PROD-0099,1426.41,10,0.01,215.95
ORD-70554,2024-02-23,2024-03-03,Second Class,CUST-0152,PROD-0027,1404.55,9,0.03,175.99
ORD-91959,2025-02-08,2025-02-18,Standard Class,CUST-0162,PROD-0145,972.16,4,0.21,59.76
ORD-32944,2024-02-11,2024-02-12,Second Class,CUST-0216,PROD-0170,11.93,6,0.1,3.34
ORD-65138,2025-04-21,2025-04-24,Same Day,CUST-0022,PROD-0121,1028.67,4,0.1,208.26
ORD-79163,2025-07-23,2025-07-28,Second Class,CUST-0252,PROD-0125,1239.82,2,0.25,245.86
ORD-59924,2024-05-23,2024-05-28,Same Day,CUST-0120,PROD-0097,604.02,6,0.18,166.44
ORD-12359,2025-01-05,2025-01-12,Standard Class,CUST-0222,PROD-0032,1162.55,3,0.27,176.77
ORD-19691,2024-02-02,2024-02-04,Standard Class,CUST-0018,PROD-0038,281.08,8,0.11,59.47
ORD-12998,2023-12-24,2023-12-27,Standard Class,CUST-0071,PROD-0049,1486.29,9,0.22,355.42
ORD-20303,2025-06-12,2025-06-22,Same Day,CUST-0253,PROD-0103,1792.29,1,0.04,344.98
ORD-34720,2024-10-29,2024-11-08,Standard Class,CUST-0292,PROD-0118,50.95,1,0.02,4.21
ORD-13387,2023-11-27,2023-11-28,First Class,CUST-0277,PROD-0017,1115.53,4,0.23,98.73
ORD-89577,2023-08-30,2023-09-09,First Class,CUST-0173,PROD-0098,1128.25,6,0.05,331.53
ORD-98212,2025-03-21,2025-03-24,Same Day,CUST-0078,PROD-0060,340.49,3,0.21,94.66
ORD-82294,2024-09-06,2024-09-12,First Class,CUST-0116,PROD-0170,728.48,6,0.05,212.63
ORD-94353,2024-02-10,2024-02-16,Same Day,CUST-0089,PROD-0122,1156.57,4,0.07,276.88
ORD-14357,2025-03-11,2025-03-19,Same Day,CUST-0256,PROD-0076,1431.1,3,0.22,161.8
ORD-76557,2024-10-14,2024-10-17,Same Day,CUST-0209,PROD-0170,1436.12,10,0.14,375.02
ORD-47261,2024-06-22,2024-07-01,Same Day,CUST-0231,PROD-0162,888.13,7,0.08,248.55
ORD-86490,2025-06-28,2025-07-02,Same Day,CUST-0261,PROD-0111,772.11,4,0.15,127.29
ORD-25151,2024-07-14,2024-07-23,Same Day,CUST-0102,PROD-0134,215.02,2,0.12,26.67
ORD-32140,2025-06-10,2025-06-13,First Class,CUST-0198,PROD-0022,998.94,9,0.19,94.2
ORD-48719,2024-02-11,2024-02-15,Second Class,CUST-0189,PROD-0160,500.88,6,0.01,88.8
ORD-85519,2024-03-21,2024-03-23,Same Day,CUST-0228,PROD-0120,409.23,3,0.17,27.3
ORD-58338,2024-06-25,2024-07-04,First Class,CUST-0183,PROD-0167,642.62,7,0.22,37.28
ORD-49543,2023-11-30,2023-12-08,Same Day,CUST-0131,PROD-0200,722.58,5,0.11,109.54
ORD-61095,2024-09-10,2024-09-17,Second Class,CUST-0180,PROD-0127,979.62,9,0.16,234.35
ORD-83521,2024-08-05,2024-08-08,Standard Class,CUST-0145,PROD-0059,1429.86,4,0.13,378.25
ORD-43058,2025-05-04,2025-05-14,Same Day,CUST-0146,PROD-0006,159.39,8,0.01,12.97
ORD-54546,2023-09-02,2023-09-08,Same Day,CUST-0172,PROD-0001,1430.31,3,0.12,247.7
ORD-56140,2024-11-19,2024-11-29,Second Class,CUST-0107,PROD-0046,513.18,6,0.13,128.64
ORD-91839,2024-12-19,2024-12-22,Second Class,CUST-0197,PROD-0063,1324.08,1,0.19,311.5
ORD-46312,2024-04-02,2024-04-10,Same Day,CUST-0172,PROD-0158,1715.56,3,0.23,100.37
ORD-81986,2025-06-25,2025-06-30,Second Class,CUST-0116,PROD-0080,1744.21,4,0.03,380.84
ORD-77833,2024-01-07,2024-01-08,Same Day,CUST-0027,PROD-0017,432.77,1,0.23,65.37
ORD-25604,2023-11-10,2023-11-11,Second Class,CUST-0074,PROD-0017,1395.94,4,0.28,143.11
ORD-29494,2024-02-04,2024-02-14,Second Class,CUST-0030,PROD-0083,1581.93,4,0.29,464.15
ORD-82322,2024-04-17,2024-04-25,Same Day,CUST-0212,PROD-0058,1433.79,6,0.1,184.87
ORD-29213,2024-07-19,2024-07-29,Standard Class,CUST-0096,PROD-0044,1108.7,10,0.22,186.44
ORD-94172,2024-07-19,2024-07-22,Second Class,CUST-0069,PROD-0143,1740.36,1,0.2,256.61
ORD-33952,2024-08-01,2024-08-08,Same Day,CUST-0060,PROD-0131,1678.74,4,0.1,236.53
ORD-40658,2024-01-16,2024-01-25,Second Class,CUST-0149,PROD-0176,1773.61,9,0.23,455.1
ORD-17439,2023-10-13,2023-10-14,First Class,CUST-0210,PROD-0089,1963.74,7,0.28,421.33
ORD-71567,2023-11-10,2023-11-15,Second Class,CUST-0298,PROD-0134,508.11,8,0.18,102.97
ORD-70190,2025-04-19,2025-04-20,Same Day,CUST-0004,PROD-0151,1503.02,5,0.26,255.07
ORD-59409,2025-05-23,2025-05-31,First Class,CUST-0045,PROD-0119,1836.95,3,0.03,324.32
ORD-92924,2025-02-27,2025-03-09,First Class,CUST-0151,PROD-0134,1657.34,4,0.19,261.96
ORD-90204,2025-03-25,2025-04-04,First Class,CUST-0201,PROD-0152,1450.84,9,0.15,363.6
ORD-92594,2025-07-16,2025-07-18,Standard Class,CUST-0059,PROD-0045,1604.07,5,0.12,115.77
ORD-40318,2025-03-29,2025-04-06,Second Class,CUST-0297,PROD-0041,1968.77,10,0.22,294.87
ORD-83513,2024-11-29,2024-11-30,Second Class,CUST-0202,PROD-0021,499.77,1,0.07,144.49
ORD-17517,2023-09-06,2023-09-15,Second Class,CUST-0265,PROD-0023,1919.35,5,0.29,271.83
ORD-59428,2025-08-21,2025-08-27,First Class,CUST-0110,PROD-0160,401.86,8,0.08,88.13
ORD-74362,2023-08-30,2023-09-01,Standard Class,CUST-0238,PROD-0176,518.96,5,0.25,60.27
ORD-75813,2025-07-18,2025-07-24,Second Class,CUST-0281,PROD-0046,1524.72,2,0.21,162.54
ORD-91761,2024-12-29,2024-12-30,Same Day,CUST-0023,PROD-0160,510.23,7,0.26,134.38
ORD-13059,2024-01-07,2024-01-15,First Class,CUST-0224,PROD-0090,1348.14,3,0.2,363.45
ORD-21826,2024-04-05,2024-04-13,Standard Class,CUST-0074,PROD-0149,793.2,10,0.02,95.05
ORD-36295,2023-10-08,2023-10-17,Same Day,CUST-0023,PROD-0030,347.44,8,0.03,45.22
ORD-56283,2025-02-14,2025-02-19,First Class,CUST-0095,PROD-0040,810.26,4,0.16,150.89
ORD-22355,2025-05-09,2025-05-19,First Class,CUST-0063,PROD-0070,1918.01,1,0.19,223.54
ORD-25544,2025-03-26,2025-04-04,Standard Class,CUST-0094,PROD-0104,271.29,3,0.25,52.76
ORD-87601,2025-05-15,2025-05-20,Second Class,CUST-0296,PROD-0139,943.88,5,0.02,233.67
ORD-76356,2024-09-07,2024-09-16,Same Day,CUST-0275,PROD-0159,194.56,8,0.23,32.08
ORD-21013,2025-07-09,2025-07-16,Second Class,CUST-0125,PROD-0121,176.72,9,0.19,39.45
